SKU,Custom_Title,Type,Is_Require,Option_Price,Option_Price_Type,Value_Title,Value_Sku,Value_Price,Value_Price_Type,Max_Characters,Value_Setup_Price,Value_Setup_Price_Type,Sort_Order,Option_Sort_Order,File_Extension,Image_Size_X,Image_Size_Y
ANEOHBKP,Warranty,radio,1,,fixed,"1YR Warranty,2YR Warranty,3YR Warranty",,"0,50,86",fixed,0,,,0,0,,,
ANEOHCRP,Warranty,radio,1,,fixed,"1YR Warranty,2YR Warranty,3YR Warranty",,"0,50,86",fixed,0,,,0,0,,,
ANMOMBKM,Warranty,radio,1,,fixed,"1YR Warranty,2YR Warranty,3YR Warranty",,"0,50,86",fixed,0,,,0,0,,,
ANMOHBKM,Warranty,radio,1,,fixed,"1YR Warranty,2YR Warranty,3YR Warranty",,"0,50,86",fixed,0,,,0,0,,,
LFBVLBKM,Warranty,radio,1,,fixed,"1YR Warranty,2YR Warranty,3YR Warranty",,"0,50,86",fixed,0,,,0,0,,,
YSEMMGRF,Warranty,radio,1,,fixed,"1YR Warranty,2YR Warranty,3YR Warranty",,"0,50,86",fixed,0,,,0,0,,,
YSMCLBKM,Warranty,radio,1,,fixed,"1YR Warranty,2YR Warranty,3YR Warranty",,"0,50,86",fixed,0,,,0,0,,,
YSMCHBKM,Warranty,radio,1,,fixed,"1YR Warranty,2YR Warranty,3YR Warranty",,"0,50,86",fixed,0,,,0,0,,,
YSMCLWHM,Warranty,radio,1,,fixed,"1YR Warranty,2YR Warranty,3YR Warranty",,"0,50,86",fixed,0,,,0,0,,,
YSMCHWHM,Warranty,radio,1,,fixed,"1YR Warranty,2YR Warranty,3YR Warranty",,"0,50,86",fixed,0,,,0,0,,,
ZSSLPBLC,Warranty,radio,1,,fixed,"1YR Warranty,2YR Warranty,3YR Warranty",,"0,50,86",fixed,0,,,0,0,,,
ZSSLPGRM,Warranty,radio,1,,fixed,"1YR Warranty,2YR Warranty,3YR Warranty",,"0,50,86",fixed,0,,,0,0,,,
ANBRDBKL,Warranty,radio,1,,fixed,"1YR Warranty,2YR Warranty,3YR Warranty",,"0,50,86",fixed,0,,,0,0,,,
YSESPHBKL,Warranty,radio,1,,fixed,"1YR Warranty,2YR Warranty,3YR Warranty",,"0,50,86",fixed,0,,,0,0,,,
YSESPBKL,Warranty,radio,1,,fixed,"1YR Warranty,2YR Warranty,3YR Warranty",,"0,50,86",fixed,0,,,0,0,,,
YSEMHBKL,Warranty,radio,1,,fixed,"1YR Warranty,2YR Warranty,3YR Warranty",,"0,50,86",fixed,0,,,0,0,,,
YSEMOBKL,Warranty,radio,1,,fixed,"1YR Warranty,2YR Warranty,3YR Warranty",,"0,50,86",fixed,0,,,0,0,,,
YSEMOBRL,Warranty,radio,1,,fixed,"1YR Warranty,2YR Warranty,3YR Warranty",,"0,50,86",fixed,0,,,0,0,,,
YSEMORDL,Warranty,radio,1,,fixed,"1YR Warranty,2YR Warranty,3YR Warranty",,"0,50,86",fixed,0,,,0,0,,,
YSEMHRDL,Warranty,radio,1,,fixed,"1YR Warranty,2YR Warranty,3YR Warranty",,"0,50,86",fixed,0,,,0,0,,,
YSESPWHL,Warranty,radio,1,,fixed,"1YR Warranty,2YR Warranty,3YR Warranty",,"0,50,86",fixed,0,,,0,0,,,
YSEMOWHL,Warranty,radio,1,,fixed,"1YR Warranty,2YR Warranty,3YR Warranty",,"0,50,86",fixed,0,,,0,0,,,
YSEMHWHL,Warranty,radio,1,,fixed,"1YR Warranty,2YR Warranty,3YR Warranty",,"0,50,86",fixed,0,,,0,0,,,
YSEMOAQL,Warranty,radio,1,,fixed,"1YR Warranty,2YR Warranty,3YR Warranty",,"0,50,86",fixed,0,,,0,0,,,
YSEMOLGL,Warranty,radio,1,,fixed,"1YR Warranty,2YR Warranty,3YR Warranty",,"0,50,86",fixed,0,,,0,0,,,
YSEMOOGL,Warranty,radio,1,,fixed,"1YR Warranty,2YR Warranty,3YR Warranty",,"0,50,86",fixed,0,,,0,0,,,
YSEMOPKL,Warranty,radio,1,,fixed,"1YR Warranty,2YR Warranty,3YR Warranty",,"0,50,86",fixed,0,,,0,0,,,
YSEMOYLL,Warranty,radio,1,,fixed,"1YR Warranty,2YR Warranty,3YR Warranty",,"0,50,86",fixed,0,,,0,0,,,
ADELOBKL,Warranty,radio,1,,fixed,"1YR Warranty,2YR Warranty,3YR Warranty",,"0,50,86",fixed,0,,,0,0,,,
YSELOBKL,Warranty,radio,1,,fixed,"1YR Warranty,2YR Warranty,3YR Warranty",,"0,50,86",fixed,0,,,0,0,,,
HIELOYLL,Warranty,radio,1,,fixed,"1YR Warranty,2YR Warranty,3YR Warranty",,"0,50,86",fixed,0,,,0,0,,,
YSEMABKL,Warranty,radio,1,,fixed,"1YR Warranty,2YR Warranty,3YR Warranty",,"0,50,86",fixed,0,,,0,0,,,
YSEMAWHL,Warranty,radio,1,,fixed,"1YR Warranty,2YR Warranty,3YR Warranty",,"0,50,86",fixed,0,,,0,0,,,
ANEOABKA,Warranty,radio,1,,fixed,"1YR Warranty,2YR Warranty,3YR Warranty",,"0,50,86",fixed,0,,,0,0,,,
ANENOBKA,Warranty,radio,1,,fixed,"1YR Warranty,2YR Warranty,3YR Warranty",,"0,50,86",fixed,0,,,0,0,,,
ZSSLDBLM,Warranty,radio,1,,fixed,"1YR Warranty,2YR Warranty,3YR Warranty",,"0,50,86",fixed,0,,,0,0,,,
ZSSLABKM,Warranty,radio,1,,fixed,"1YR Warranty,2YR Warranty,3YR Warranty",,"0,50,86",fixed,0,,,0,0,,,
COEESBKM,Warranty,radio,1,,fixed,"1YR Warranty,2YR Warranty,3YR Warranty",,"0,50,86",fixed,0,,,0,0,,,
COEESRDM,Warranty,radio,1,,fixed,"1YR Warranty,2YR Warranty,3YR Warranty",,"0,50,86",fixed,0,,,0,0,,,
ZSSLDBKF,Warranty,radio,1,,fixed,"1YR Warranty,2YR Warranty,3YR Warranty",,"0,50,86",fixed,0,,,0,0,,,
FRELCBKL,Warranty,radio,1,,fixed,"1YR Warranty,2YR Warranty,3YR Warranty",,"0,50,86",fixed,0,,,0,0,,,
FRELCBLL,Warranty,radio,1,,fixed,"1YR Warranty,2YR Warranty,3YR Warranty",,"0,50,86",fixed,0,,,0,0,,,
FRELCDKL,Warranty,radio,1,,fixed,"1YR Warranty,2YR Warranty,3YR Warranty",,"0,50,86",fixed,0,,,0,0,,,
FRELCRDL,Warranty,radio,1,,fixed,"1YR Warranty,2YR Warranty,3YR Warranty",,"0,50,86",fixed,0,,,0,0,,,
HUSOFDGC,Warranty,radio,1,,fixed,"1YR Warranty,2YR Warranty,3YR Warranty",,"0,50,86",fixed,0,,,0,0,,,
ADWISNTT,Warranty,radio,1,,fixed,"1YR Warranty,2YR Warranty,3YR Warranty",,"0,50,86",fixed,0,,,0,0,,,
YSCHACHF,Warranty,radio,1,,fixed,"1YR Warranty,2YR Warranty,3YR Warranty",,"0,50,86",fixed,0,,,0,0,,,
ADESOLBF,Warranty,radio,1,,fixed,"1YR Warranty,2YR Warranty,3YR Warranty",,"0,50,86",fixed,0,,,0,0,,,
ADESODBF,Warranty,radio,1,,fixed,"1YR Warranty,2YR Warranty,3YR Warranty",,"0,50,86",fixed,0,,,0,0,,,
ADESOWHF,Warranty,radio,1,,fixed,"1YR Warranty,2YR Warranty,3YR Warranty",,"0,50,86",fixed,0,,,0,0,,,
ADMADBKP,Warranty,radio,1,,fixed,"1YR Warranty,2YR Warranty,3YR Warranty",,"0,50,86",fixed,0,,,0,0,,,
ADMADWHP,Warranty,radio,1,,fixed,"1YR Warranty,2YR Warranty,3YR Warranty",,"0,50,86",fixed,0,,,0,0,,,
ADMADMLP,Warranty,radio,1,,fixed,"1YR Warranty,2YR Warranty,3YR Warranty",,"0,50,86",fixed,0,,,0,0,,,
HIOECRDA,Warranty,radio,1,,fixed,"1YR Warranty,2YR Warranty,3YR Warranty",,"0,50,86",fixed,0,,,0,0,,,
YIKIDRDF,Warranty,radio,1,,fixed,"1YR Warranty,2YR Warranty,3YR Warranty",,"0,50,86",fixed,0,,,0,0,,,
HUELCWHF,Warranty,radio,1,,fixed,"1YR Warranty,2YR Warranty,3YR Warranty",,"0,50,86",fixed,0,,,0,0,,,
GFPKCSTS,Warranty,radio,1,,fixed,"1YR Warranty,2YR Warranty,3YR Warranty",,"0,50,86",fixed,0,,,0,0,,,
GFNESBKS,Warranty,radio,1,,fixed,"1YR Warranty,2YR Warranty,3YR Warranty",,"0,50,86",fixed,0,,,0,0,,,
GFBCTSTS,Warranty,radio,1,,fixed,"1YR Warranty,2YR Warranty,3YR Warranty",,"0,50,86",fixed,0,,,0,0,,,
GFESTBKS,Warranty,radio,1,,fixed,"1YR Warranty,2YR Warranty,3YR Warranty",,"0,50,86",fixed,0,,,0,0,,,
GFESTSTS,Warranty,radio,1,,fixed,"1YR Warranty,2YR Warranty,3YR Warranty",,"0,50,86",fixed,0,,,0,0,,,
JEKUGBKA,Warranty,radio,1,,fixed,"1YR Warranty,2YR Warranty,3YR Warranty",,"0,50,86",fixed,0,,,0,0,,,
JEKUGWHA,Warranty,radio,1,,fixed,"1YR Warranty,2YR Warranty,3YR Warranty",,"0,50,86",fixed,0,,,0,0,,,
GFNOGBKG,Warranty,radio,1,,fixed,"1YR Warranty,2YR Warranty,3YR Warranty",,"0,50,86",fixed,0,,,0,0,,,
GFNOGNTG,Warranty,radio,1,,fixed,"1YR Warranty,2YR Warranty,3YR Warranty",,"0,50,86",fixed,0,,,0,0,,,
GFNOGWNG,Warranty,radio,1,,fixed,"1YR Warranty,2YR Warranty,3YR Warranty",,"0,50,86",fixed,0,,,0,0,,,
YSBBHBKL,Warranty,radio,1,,fixed,"1YR Warranty,2YR Warranty,3YR Warranty",,"0,50,86",fixed,0,,,0,0,,,
YSBBHWHL,Warranty,radio,1,,fixed,"1YR Warranty,2YR Warranty,3YR Warranty",,"0,50,86",fixed,0,,,0,0,,,
YSBDBBKL,Warranty,radio,1,,fixed,"1YR Warranty,2YR Warranty,3YR Warranty",,"0,50,86",fixed,0,,,0,0,,,
YSBDBWHL,Warranty,radio,1,,fixed,"1YR Warranty,2YR Warranty,3YR Warranty",,"0,50,86",fixed,0,,,0,0,,,
HUSWCBKL,Warranty,radio,1,,fixed,"1YR Warranty,2YR Warranty,3YR Warranty",,"0,50,86",fixed,0,,,0,0,,,
FRSPOBKL,Warranty,radio,1,,fixed,"1YR Warranty,2YR Warranty,3YR Warranty",,"0,50,86",fixed,0,,,0,0,,,
FREMOBKL,Warranty,radio,1,,fixed,"1YR Warranty,2YR Warranty,3YR Warranty",,"0,50,86",fixed,0,,,0,0,,,
HUEGGBKL,Warranty,radio,1,,fixed,"1YR Warranty,2YR Warranty,3YR Warranty",,"0,50,86",fixed,0,,,0,0,,,
YSBACBKL,Warranty,radio,1,,fixed,"1YR Warranty,2YR Warranty,3YR Warranty",,"0,50,86",fixed,0,,,0,0,,,
GFBACBKP,Warranty,radio,1,,fixed,"1YR Warranty,2YR Warranty,3YR Warranty",,"0,50,86",fixed,0,,,0,0,,,
HUSWCRDL,Warranty,radio,1,,fixed,"1YR Warranty,2YR Warranty,3YR Warranty",,"0,50,86",fixed,0,,,0,0,,,
HUEGGRDL,Warranty,radio,1,,fixed,"1YR Warranty,2YR Warranty,3YR Warranty",,"0,50,86",fixed,0,,,0,0,,,
YSBACRDL,Warranty,radio,1,,fixed,"1YR Warranty,2YR Warranty,3YR Warranty",,"0,50,86",fixed,0,,,0,0,,,
HUSWCWHL,Warranty,radio,1,,fixed,"1YR Warranty,2YR Warranty,3YR Warranty",,"0,50,86",fixed,0,,,0,0,,,
YSBACWHL,Warranty,radio,1,,fixed,"1YR Warranty,2YR Warranty,3YR Warranty",,"0,50,86",fixed,0,,,0,0,,,
GFBACWHP,Warranty,radio,1,,fixed,"1YR Warranty,2YR Warranty,3YR Warranty",,"0,50,86",fixed,0,,,0,0,,,
YSBRNBKP,Warranty,radio,1,,fixed,"1YR Warranty,2YR Warranty,3YR Warranty",,"0,50,86",fixed,0,,,0,0,,,
YSBAOBKL,Warranty,radio,1,,fixed,"1YR Warranty,2YR Warranty,3YR Warranty",,"0,50,86",fixed,0,,,0,0,,,
YSBAOWHL,Warranty,radio,1,,fixed,"1YR Warranty,2YR Warranty,3YR Warranty",,"0,50,86",fixed,0,,,0,0,,,
YSLCOBKL,Warranty,radio,1,,fixed,"1YR Warranty,2YR Warranty,3YR Warranty",,"0,50,86",fixed,0,,,0,0,,,
YSLCOWHL,Warranty,radio,1,,fixed,"1YR Warranty,2YR Warranty,3YR Warranty",,"0,50,86",fixed,0,,,0,0,,,
YSFK1BKL,Warranty,radio,1,,fixed,"1YR Warranty,2YR Warranty,3YR Warranty",,"0,50,86",fixed,0,,,0,0,,,
YSFK1WHL,Warranty,radio,1,,fixed,"1YR Warranty,2YR Warranty,3YR Warranty",,"0,50,86",fixed,0,,,0,0,,,
YSLC1BKL,Warranty,radio,1,,fixed,"1YR Warranty,2YR Warranty,3YR Warranty",,"0,50,86",fixed,0,,,0,0,,,
YSLC3BKL,Warranty,radio,1,,fixed,"1YR Warranty,2YR Warranty,3YR Warranty",,"0,50,86",fixed,0,,,0,0,,,
YSLC2BKL,Warranty,radio,1,,fixed,"1YR Warranty,2YR Warranty,3YR Warranty",,"0,50,86",fixed,0,,,0,0,,,
YSJH1BKL,Warranty,radio,1,,fixed,"1YR Warranty,2YR Warranty,3YR Warranty",,"0,50,86",fixed,0,,,0,0,,,
YSJH3BKL,Warranty,radio,1,,fixed,"1YR Warranty,2YR Warranty,3YR Warranty",,"0,50,86",fixed,0,,,0,0,,,
YSJH2BKL,Warranty,radio,1,,fixed,"1YR Warranty,2YR Warranty,3YR Warranty",,"0,50,86",fixed,0,,,0,0,,,
YSFK3BKL,Warranty,radio,1,,fixed,"1YR Warranty,2YR Warranty,3YR Warranty",,"0,50,86",fixed,0,,,0,0,,,
YSFK2BKL,Warranty,radio,1,,fixed,"1YR Warranty,2YR Warranty,3YR Warranty",,"0,50,86",fixed,0,,,0,0,,,
YSBA3BKL,Warranty,radio,1,,fixed,"1YR Warranty,2YR Warranty,3YR Warranty",,"0,50,86",fixed,0,,,0,0,,,
YSBA2BKL,Warranty,radio,1,,fixed,"1YR Warranty,2YR Warranty,3YR Warranty",,"0,50,86",fixed,0,,,0,0,,,
YSLC1RDL,Warranty,radio,1,,fixed,"1YR Warranty,2YR Warranty,3YR Warranty",,"0,50,86",fixed,0,,,0,0,,,
YSLC3RDL,Warranty,radio,1,,fixed,"1YR Warranty,2YR Warranty,3YR Warranty",,"0,50,86",fixed,0,,,0,0,,,
YSLC2RDL,Warranty,radio,1,,fixed,"1YR Warranty,2YR Warranty,3YR Warranty",,"0,50,86",fixed,0,,,0,0,,,
YSLC1WHL,Warranty,radio,1,,fixed,"1YR Warranty,2YR Warranty,3YR Warranty",,"0,50,86",fixed,0,,,0,0,,,
YSLC3WHL,Warranty,radio,1,,fixed,"1YR Warranty,2YR Warranty,3YR Warranty",,"0,50,86",fixed,0,,,0,0,,,
YSLC2WHL,Warranty,radio,1,,fixed,"1YR Warranty,2YR Warranty,3YR Warranty",,"0,50,86",fixed,0,,,0,0,,,
YSFK3WHL,Warranty,radio,1,,fixed,"1YR Warranty,2YR Warranty,3YR Warranty",,"0,50,86",fixed,0,,,0,0,,,
YSFK2WHL,Warranty,radio,1,,fixed,"1YR Warranty,2YR Warranty,3YR Warranty",,"0,50,86",fixed,0,,,0,0,,,
YSBA3WHL,Warranty,radio,1,,fixed,"1YR Warranty,2YR Warranty,3YR Warranty",,"0,50,86",fixed,0,,,0,0,,,
YSBA2WHL,Warranty,radio,1,,fixed,"1YR Warranty,2YR Warranty,3YR Warranty",,"0,50,86",fixed,0,,,0,0,,,
FRELCXBL,Warranty,radio,1,,fixed,"1YR Warranty,2YR Warranty,3YR Warranty",,"0,50,86",fixed,0,,,0,0,,,
FRELCXCL,Warranty,radio,1,,fixed,"1YR Warranty,2YR Warranty,3YR Warranty",,"0,50,86",fixed,0,,,0,0,,,
LFSTVBKM,Warranty,radio,1,,fixed,"1YR Warranty,2YR Warranty,3YR Warranty",,"0,50,86",fixed,0,,,0,0,,,
MSTB7BKA,Warranty,radio,1,,fixed,"1YR Warranty,2YR Warranty,3YR Warranty",,"0,50,86",fixed,0,,,0,0,,,
MSTBSBKA,Warranty,radio,1,,fixed,"1YR Warranty,2YR Warranty,3YR Warranty",,"0,50,86",fixed,0,,,0,0,,,
MSTB4BKA,Warranty,radio,1,,fixed,"1YR Warranty,2YR Warranty,3YR Warranty",,"0,50,86",fixed,0,,,0,0,,,
MSTB7BLA,Warranty,radio,1,,fixed,"1YR Warranty,2YR Warranty,3YR Warranty",,"0,50,86",fixed,0,,,0,0,,,
MSTBSBLA,Warranty,radio,1,,fixed,"1YR Warranty,2YR Warranty,3YR Warranty",,"0,50,86",fixed,0,,,0,0,,,
MSTB4BLA,Warranty,radio,1,,fixed,"1YR Warranty,2YR Warranty,3YR Warranty",,"0,50,86",fixed,0,,,0,0,,,
MSTB7GVA,Warranty,radio,1,,fixed,"1YR Warranty,2YR Warranty,3YR Warranty",,"0,50,86",fixed,0,,,0,0,,,
MSTBSGVA,Warranty,radio,1,,fixed,"1YR Warranty,2YR Warranty,3YR Warranty",,"0,50,86",fixed,0,,,0,0,,,
MSTB4GVA,Warranty,radio,1,,fixed,"1YR Warranty,2YR Warranty,3YR Warranty",,"0,50,86",fixed,0,,,0,0,,,
MSTB7RDA,Warranty,radio,1,,fixed,"1YR Warranty,2YR Warranty,3YR Warranty",,"0,50,86",fixed,0,,,0,0,,,
MSTBSRDA,Warranty,radio,1,,fixed,"1YR Warranty,2YR Warranty,3YR Warranty",,"0,50,86",fixed,0,,,0,0,,,
MSTB4RDA,Warranty,radio,1,,fixed,"1YR Warranty,2YR Warranty,3YR Warranty",,"0,50,86",fixed,0,,,0,0,,,
MSTB7WHA,Warranty,radio,1,,fixed,"1YR Warranty,2YR Warranty,3YR Warranty",,"0,50,86",fixed,0,,,0,0,,,
MSTBSWHA,Warranty,radio,1,,fixed,"1YR Warranty,2YR Warranty,3YR Warranty",,"0,50,86",fixed,0,,,0,0,,,
MSTB4WHA,Warranty,radio,1,,fixed,"1YR Warranty,2YR Warranty,3YR Warranty",,"0,50,86",fixed,0,,,0,0,,,
MSTB7YLA,Warranty,radio,1,,fixed,"1YR Warranty,2YR Warranty,3YR Warranty",,"0,50,86",fixed,0,,,0,0,,,
MSTBSYLA,Warranty,radio,1,,fixed,"1YR Warranty,2YR Warranty,3YR Warranty",,"0,50,86",fixed,0,,,0,0,,,
MSTB4YLA,Warranty,radio,1,,fixed,"1YR Warranty,2YR Warranty,3YR Warranty",,"0,50,86",fixed,0,,,0,0,,,
KITDCBKA,Warranty,radio,1,,fixed,"1YR Warranty,2YR Warranty,3YR Warranty",,"0,50,86",fixed,0,,,0,0,,,
MSTACBKA,Warranty,radio,1,,fixed,"1YR Warranty,2YR Warranty,3YR Warranty",,"0,50,86",fixed,0,,,0,0,,,
KITDCBLA,Warranty,radio,1,,fixed,"1YR Warranty,2YR Warranty,3YR Warranty",,"0,50,86",fixed,0,,,0,0,,,
KITDCGVA,Warranty,radio,1,,fixed,"1YR Warranty,2YR Warranty,3YR Warranty",,"0,50,86",fixed,0,,,0,0,,,
MSTACGVA,Warranty,radio,1,,fixed,"1YR Warranty,2YR Warranty,3YR Warranty",,"0,50,86",fixed,0,,,0,0,,,
BCIATLNT,Warranty,radio,1,,fixed,"1YR Warranty,2YR Warranty,3YR Warranty",,"0,50,86",fixed,0,,,0,0,,,
KITDCRDA,Warranty,radio,1,,fixed,"1YR Warranty,2YR Warranty,3YR Warranty",,"0,50,86",fixed,0,,,0,0,,,
KITDCWHA,Warranty,radio,1,,fixed,"1YR Warranty,2YR Warranty,3YR Warranty",,"0,50,86",fixed,0,,,0,0,,,
MSTDCYLA,Warranty,radio,1,,fixed,"1YR Warranty,2YR Warranty,3YR Warranty",,"0,50,86",fixed,0,,,0,0,,,
LXARCSNM,Warranty,radio,1,,fixed,"1YR Warranty,2YR Warranty,3YR Warranty",,"0,50,86",fixed,0,,,0,0,,,
BCIBERWC,Warranty,radio,1,,fixed,"1YR Warranty,2YR Warranty,3YR Warranty",,"0,50,86",fixed,0,,,0,0,,,
BCIMAYBK,Warranty,radio,1,,fixed,"1YR Warranty,2YR Warranty,3YR Warranty",,"0,50,86",fixed,0,,,0,0,,,
BCIDIVAB,Warranty,radio,1,,fixed,"1YR Warranty,2YR Warranty,3YR Warranty",,"0,50,86",fixed,0,,,0,0,,,
BCIMAYCH,Warranty,radio,1,,fixed,"1YR Warranty,2YR Warranty,3YR Warranty",,"0,50,86",fixed,0,,,0,0,,,
BCIMAYGN,Warranty,radio,1,,fixed,"1YR Warranty,2YR Warranty,3YR Warranty",,"0,50,86",fixed,0,,,0,0,,,
BCIMAYAN,Warranty,radio,1,,fixed,"1YR Warranty,2YR Warranty,3YR Warranty",,"0,50,86",fixed,0,,,0,0,,,
BCIMAYOG,Warranty,radio,1,,fixed,"1YR Warranty,2YR Warranty,3YR Warranty",,"0,50,86",fixed,0,,,0,0,,,
BCIMAYRD,Warranty,radio,1,,fixed,"1YR Warranty,2YR Warranty,3YR Warranty",,"0,50,86",fixed,0,,,0,0,,,
BCIMAYWH,Warranty,radio,1,,fixed,"1YR Warranty,2YR Warranty,3YR Warranty",,"0,50,86",fixed,0,,,0,0,,,
ADFOLWHM,Warranty,radio,1,,fixed,"1YR Warranty,2YR Warranty,3YR Warranty",,"0,50,86",fixed,0,,,0,0,,,
KIDSWBKW,Warranty,radio,1,,fixed,"1YR Warranty,2YR Warranty,3YR Warranty",,"0,50,86",fixed,0,,,0,0,,,
KIDSRRDP,Warranty,radio,1,,fixed,"1YR Warranty,2YR Warranty,3YR Warranty",,"0,50,86",fixed,0,,,0,0,,,
KIDSWWHW,Warranty,radio,1,,fixed,"1YR Warranty,2YR Warranty,3YR Warranty",,"0,50,86",fixed,0,,,0,0,,,
KIDSRWHP,Warranty,radio,1,,fixed,"1YR Warranty,2YR Warranty,3YR Warranty",,"0,50,86",fixed,0,,,0,0,,,
KIAACWHP,Warranty,radio,1,,fixed,"1YR Warranty,2YR Warranty,3YR Warranty",,"0,50,86",fixed,0,,,0,0,,,
ADGHSBKP,Warranty,radio,1,,fixed,"1YR Warranty,2YR Warranty,3YR Warranty",,"0,50,86",fixed,0,,,0,0,,,
ADGHABKP,Warranty,radio,1,,fixed,"1YR Warranty,2YR Warranty,3YR Warranty",,"0,50,86",fixed,0,,,0,0,,,
ADGHSCLP,Warranty,radio,1,,fixed,"1YR Warranty,2YR Warranty,3YR Warranty",,"0,50,86",fixed,0,,,0,0,,,
ADGHACLP,Warranty,radio,1,,fixed,"1YR Warranty,2YR Warranty,3YR Warranty",,"0,50,86",fixed,0,,,0,0,,,
ADGHSIVP,Warranty,radio,1,,fixed,"1YR Warranty,2YR Warranty,3YR Warranty",,"0,50,86",fixed,0,,,0,0,,,
ADGHAIVP,Warranty,radio,1,,fixed,"1YR Warranty,2YR Warranty,3YR Warranty",,"0,50,86",fixed,0,,,0,0,,,
ADROCWHP,Warranty,radio,1,,fixed,"1YR Warranty,2YR Warranty,3YR Warranty",,"0,50,86",fixed,0,,,0,0,,,
ALSHRBEP,Warranty,radio,1,,fixed,"1YR Warranty,2YR Warranty,3YR Warranty",,"0,50,86",fixed,0,,,0,0,,,
ALSHRWBP,Warranty,radio,1,,fixed,"1YR Warranty,2YR Warranty,3YR Warranty",,"0,50,86",fixed,0,,,0,0,,,
ALSHRDBP,Warranty,radio,1,,fixed,"1YR Warranty,2YR Warranty,3YR Warranty",,"0,50,86",fixed,0,,,0,0,,,
ALSHRWHP,Warranty,radio,1,,fixed,"1YR Warranty,2YR Warranty,3YR Warranty",,"0,50,86",fixed,0,,,0,0,,,
ALSHRWHB,Warranty,radio,1,,fixed,"1YR Warranty,2YR Warranty,3YR Warranty",,"0,50,86",fixed,0,,,0,0,,,
JITORBKP,Warranty,radio,1,,fixed,"1YR Warranty,2YR Warranty,3YR Warranty",,"0,50,86",fixed,0,,,0,0,,,
TIROMBKP,Warranty,radio,1,,fixed,"1YR Warranty,2YR Warranty,3YR Warranty",,"0,50,86",fixed,0,,,0,0,,,
JIPISBKP,Warranty,radio,1,,fixed,"1YR Warranty,2YR Warranty,3YR Warranty",,"0,50,86",fixed,0,,,0,0,,,
TIMILBKP,Warranty,radio,1,,fixed,"1YR Warranty,2YR Warranty,3YR Warranty",,"0,50,86",fixed,0,,,0,0,,,
TILEMBKC,Warranty,radio,1,,fixed,"1YR Warranty,2YR Warranty,3YR Warranty",,"0,50,86",fixed,0,,,0,0,,,
TICOMBKP,Warranty,radio,1,,fixed,"1YR Warranty,2YR Warranty,3YR Warranty",,"0,50,86",fixed,0,,,0,0,,,
YSCHABKP,Warranty,radio,1,,fixed,"1YR Warranty,2YR Warranty,3YR Warranty",,"0,50,86",fixed,0,,,0,0,,,
ANRECLBP,Warranty,radio,1,,fixed,"1YR Warranty,2YR Warranty,3YR Warranty",,"0,50,86",fixed,0,,,0,0,,,
ANRECDBP,Warranty,radio,1,,fixed,"1YR Warranty,2YR Warranty,3YR Warranty",,"0,50,86",fixed,0,,,0,0,,,
YSBAOBKP,Warranty,radio,1,,fixed,"1YR Warranty,2YR Warranty,3YR Warranty",,"0,50,86",fixed,0,,,0,0,,,
GFBAOWHP,Warranty,radio,1,,fixed,"1YR Warranty,2YR Warranty,3YR Warranty",,"0,50,86",fixed,0,,,0,0,,,
ANTUBBKP,Warranty,radio,1,,fixed,"1YR Warranty,2YR Warranty,3YR Warranty",,"0,50,86",fixed,0,,,0,0,,,
ANTUBBLP,Warranty,radio,1,,fixed,"1YR Warranty,2YR Warranty,3YR Warranty",,"0,50,86",fixed,0,,,0,0,,,
ANTUBWHP,Warranty,radio,1,,fixed,"1YR Warranty,2YR Warranty,3YR Warranty",,"0,50,86",fixed,0,,,0,0,,,
YSELCXBP,Warranty,radio,1,,fixed,"1YR Warranty,2YR Warranty,3YR Warranty",,"0,50,86",fixed,0,,,0,0,,,
YSELCACP,Warranty,radio,1,,fixed,"1YR Warranty,2YR Warranty,3YR Warranty",,"0,50,86",fixed,0,,,0,0,,,
BBSEEBLP,Warranty,radio,1,,fixed,"1YR Warranty,2YR Warranty,3YR Warranty",,"0,50,86",fixed,0,,,0,0,,,
BBQBSBLP,Warranty,radio,1,,fixed,"1YR Warranty,2YR Warranty,3YR Warranty",,"0,50,86",fixed,0,,,0,0,,,
BBKBSBLP,Warranty,radio,1,,fixed,"1YR Warranty,2YR Warranty,3YR Warranty",,"0,50,86",fixed,0,,,0,0,,,
BBQAMBRP,Warranty,radio,1,,fixed,"1YR Warranty,2YR Warranty,3YR Warranty",,"0,50,86",fixed,0,,,0,0,,,
BBSCCBRP,Warranty,radio,1,,fixed,"1YR Warranty,2YR Warranty,3YR Warranty",,"0,50,86",fixed,0,,,0,0,,,
BBQCCBRP,Warranty,radio,1,,fixed,"1YR Warranty,2YR Warranty,3YR Warranty",,"0,50,86",fixed,0,,,0,0,,,
BBKCCBRP,Warranty,radio,1,,fixed,"1YR Warranty,2YR Warranty,3YR Warranty",,"0,50,86",fixed,0,,,0,0,,,
BBQBSWHP,Warranty,radio,1,,fixed,"1YR Warranty,2YR Warranty,3YR Warranty",,"0,50,86",fixed,0,,,0,0,,,
BBKBSWHP,Warranty,radio,1,,fixed,"1YR Warranty,2YR Warranty,3YR Warranty",,"0,50,86",fixed,0,,,0,0,,,
BBQSGBRP,Warranty,radio,1,,fixed,"1YR Warranty,2YR Warranty,3YR Warranty",,"0,50,86",fixed,0,,,0,0,,,
BRSUGACT,Warranty,radio,1,,fixed,"1YR Warranty,2YR Warranty,3YR Warranty",,"0,50,86",fixed,0,,,0,0,,,
BRSUOACT,Warranty,radio,1,,fixed,"1YR Warranty,2YR Warranty,3YR Warranty",,"0,50,86",fixed,0,,,0,0,,,
BRLPCACT,Warranty,radio,1,,fixed,"1YR Warranty,2YR Warranty,3YR Warranty",,"0,50,86",fixed,0,,,0,0,,,
BRPLMACT,Warranty,radio,1,,fixed,"1YR Warranty,2YR Warranty,3YR Warranty",,"0,50,86",fixed,0,,,0,0,,,
BRKB3ACT,Warranty,radio,1,,fixed,"1YR Warranty,2YR Warranty,3YR Warranty",,"0,50,86",fixed,0,,,0,0,,,
BREIVACT,Warranty,radio,1,,fixed,"1YR Warranty,2YR Warranty,3YR Warranty",,"0,50,86",fixed,0,,,0,0,,,
BRRTBACT,Warranty,radio,1,,fixed,"1YR Warranty,2YR Warranty,3YR Warranty",,"0,50,86",fixed,0,,,0,0,,,
BRTROACT,Warranty,radio,1,,fixed,"1YR Warranty,2YR Warranty,3YR Warranty",,"0,50,86",fixed,0,,,0,0,,,
BROILLSO,Warranty,radio,1,,fixed,"1YR Warranty,2YR Warranty,3YR Warranty",,"0,50,86",fixed,0,,,0,0,,,
BCITICOB,Warranty,radio,1,,fixed,"1YR Warranty,2YR Warranty,3YR Warranty",,"0,50,86",fixed,0,,,0,0,,,
BCIBLVRD,Warranty,radio,1,,fixed,"1YR Warranty,2YR Warranty,3YR Warranty",,"0,50,86",fixed,0,,,0,0,,,
BCIMALIW,Warranty,radio,1,,fixed,"1YR Warranty,2YR Warranty,3YR Warranty",,"0,50,86",fixed,0,,,0,0,,,
BCIJACAW,Warranty,radio,1,,fixed,"1YR Warranty,2YR Warranty,3YR Warranty",,"0,50,86",fixed,0,,,0,0,,,
BCIBLVRC,Warranty,radio,1,,fixed,"1YR Warranty,2YR Warranty,3YR Warranty",,"0,50,86",fixed,0,,,0,0,,,
BCIJACAA,Warranty,radio,1,,fixed,"1YR Warranty,2YR Warranty,3YR Warranty",,"0,50,86",fixed,0,,,0,0,,,
BCIHILTB,Warranty,radio,1,,fixed,"1YR Warranty,2YR Warranty,3YR Warranty",,"0,50,86",fixed,0,,,0,0,,,
BCITICOH,Warranty,radio,1,,fixed,"1YR Warranty,2YR Warranty,3YR Warranty",,"0,50,86",fixed,0,,,0,0,,,
BCIBLVRH,Warranty,radio,1,,fixed,"1YR Warranty,2YR Warranty,3YR Warranty",,"0,50,86",fixed,0,,,0,0,,,
HDTK7BKW,Warranty,radio,1,,fixed,"1YR Warranty,2YR Warranty,3YR Warranty",,"0,50,86",fixed,0,,,0,0,,,
HDSS5BKW,Warranty,radio,1,,fixed,"1YR Warranty,2YR Warranty,3YR Warranty",,"0,50,86",fixed,0,,,0,0,,,
HDSP4BKW,Warranty,radio,1,,fixed,"1YR Warranty,2YR Warranty,3YR Warranty",,"0,50,86",fixed,0,,,0,0,,,
BY5DCBKW,Warranty,radio,1,,fixed,"1YR Warranty,2YR Warranty,3YR Warranty",,"0,50,86",fixed,0,,,0,0,,,
HDW3PBKG,Warranty,radio,1,,fixed,"1YR Warranty,2YR Warranty,3YR Warranty",,"0,50,86",fixed,0,,,0,0,,,
HDW5PBKW,Warranty,radio,1,,fixed,"1YR Warranty,2YR Warranty,3YR Warranty",,"0,50,86",fixed,0,,,0,0,,,
HDGT6BKW,Warranty,radio,1,,fixed,"1YR Warranty,2YR Warranty,3YR Warranty",,"0,50,86",fixed,0,,,0,0,,,
HDPATBKW,Warranty,radio,1,,fixed,"1YR Warranty,2YR Warranty,3YR Warranty",,"0,50,86",fixed,0,,,0,0,,,
HDWHCBKW,Warranty,radio,1,,fixed,"1YR Warranty,2YR Warranty,3YR Warranty",,"0,50,86",fixed,0,,,0,0,,,
HDGS3BKW,Warranty,radio,1,,fixed,"1YR Warranty,2YR Warranty,3YR Warranty",,"0,50,86",fixed,0,,,0,0,,,
HDWLCBKW,Warranty,radio,1,,fixed,"1YR Warranty,2YR Warranty,3YR Warranty",,"0,50,86",fixed,0,,,0,0,,,
HDW3PNTG,Warranty,radio,1,,fixed,"1YR Warranty,2YR Warranty,3YR Warranty",,"0,50,86",fixed,0,,,0,0,,,
HDW5PNTW,Warranty,radio,1,,fixed,"1YR Warranty,2YR Warranty,3YR Warranty",,"0,50,86",fixed,0,,,0,0,,,
HDWHCWHW,Warranty,radio,1,,fixed,"1YR Warranty,2YR Warranty,3YR Warranty",,"0,50,86",fixed,0,,,0,0,,,
KB-10,Warranty,radio,1,,fixed,"1YR Warranty,2YR Warranty,3YR Warranty",,"0,50,86",fixed,0,,,0,0,,,
HDRLSBKW,Warranty,radio,1,,fixed,"1YR Warranty,2YR Warranty,3YR Warranty",,"0,50,86",fixed,0,,,0,0,,,
HDRSBBKW,Warranty,radio,1,,fixed,"1YR Warranty,2YR Warranty,3YR Warranty",,"0,50,86",fixed,0,,,0,0,,,
KB-17,Warranty,radio,1,,fixed,"1YR Warranty,2YR Warranty,3YR Warranty",,"0,50,86",fixed,0,,,0,0,,,
KB-18,Warranty,radio,1,,fixed,"1YR Warranty,2YR Warranty,3YR Warranty",,"0,50,86",fixed,0,,,0,0,,,
KB-03,Warranty,radio,1,,fixed,"1YR Warranty,2YR Warranty,3YR Warranty",,"0,50,86",fixed,0,,,0,0,,,
KB-23,Warranty,radio,1,,fixed,"1YR Warranty,2YR Warranty,3YR Warranty",,"0,50,86",fixed,0,,,0,0,,,
HDFP3BRW,Warranty,radio,1,,fixed,"1YR Warranty,2YR Warranty,3YR Warranty",,"0,50,86",fixed,0,,,0,0,,,
HDFP3BKW,Warranty,radio,1,,fixed,"1YR Warranty,2YR Warranty,3YR Warranty",,"0,50,86",fixed,0,,,0,0,,,
HOFLSOAP,Warranty,radio,1,,fixed,"1YR Warranty,2YR Warranty,3YR Warranty",,"0,50,86",fixed,0,,,0,0,,,
HOFLCOAP,Warranty,radio,1,,fixed,"1YR Warranty,2YR Warranty,3YR Warranty",,"0,50,86",fixed,0,,,0,0,,,
HOQDRMPP,Warranty,radio,1,,fixed,"1YR Warranty,2YR Warranty,3YR Warranty",,"0,50,86",fixed,0,,,0,0,,,
HOQDOMPP,Warranty,radio,1,,fixed,"1YR Warranty,2YR Warranty,3YR Warranty",,"0,50,86",fixed,0,,,0,0,,,
HOQ44MPP,Warranty,radio,1,,fixed,"1YR Warranty,2YR Warranty,3YR Warranty",,"0,50,86",fixed,0,,,0,0,,,
HOQ42MPP,Warranty,radio,1,,fixed,"1YR Warranty,2YR Warranty,3YR Warranty",,"0,50,86",fixed,0,,,0,0,,,
HOQ22MPP,Warranty,radio,1,,fixed,"1YR Warranty,2YR Warranty,3YR Warranty",,"0,50,86",fixed,0,,,0,0,,,
HOD34OKP,Warranty,radio,1,,fixed,"1YR Warranty,2YR Warranty,3YR Warranty",,"0,50,86",fixed,0,,,0,0,,,
HOD33OKP,Warranty,radio,1,,fixed,"1YR Warranty,2YR Warranty,3YR Warranty",,"0,50,86",fixed,0,,,0,0,,,
HOD24OKP,Warranty,radio,1,,fixed,"1YR Warranty,2YR Warranty,3YR Warranty",,"0,50,86",fixed,0,,,0,0,,,
HOQDRWLP,Warranty,radio,1,,fixed,"1YR Warranty,2YR Warranty,3YR Warranty",,"0,50,86",fixed,0,,,0,0,,,
HOQDOWLP,Warranty,radio,1,,fixed,"1YR Warranty,2YR Warranty,3YR Warranty",,"0,50,86",fixed,0,,,0,0,,,
HOQ44WLP,Warranty,radio,1,,fixed,"1YR Warranty,2YR Warranty,3YR Warranty",,"0,50,86",fixed,0,,,0,0,,,
HOQ42WLP,Warranty,radio,1,,fixed,"1YR Warranty,2YR Warranty,3YR Warranty",,"0,50,86",fixed,0,,,0,0,,,
HOQ22WLP,Warranty,radio,1,,fixed,"1YR Warranty,2YR Warranty,3YR Warranty",,"0,50,86",fixed,0,,,0,0,,,
HOD34WLP,Warranty,radio,1,,fixed,"1YR Warranty,2YR Warranty,3YR Warranty",,"0,50,86",fixed,0,,,0,0,,,
HOD33WLP,Warranty,radio,1,,fixed,"1YR Warranty,2YR Warranty,3YR Warranty",,"0,50,86",fixed,0,,,0,0,,,
HOD24WLP,Warranty,radio,1,,fixed,"1YR Warranty,2YR Warranty,3YR Warranty",,"0,50,86",fixed,0,,,0,0,,,
HOQDRWHP,Warranty,radio,1,,fixed,"1YR Warranty,2YR Warranty,3YR Warranty",,"0,50,86",fixed,0,,,0,0,,,
HOQDOWHP,Warranty,radio,1,,fixed,"1YR Warranty,2YR Warranty,3YR Warranty",,"0,50,86",fixed,0,,,0,0,,,
HOQ44WHP,Warranty,radio,1,,fixed,"1YR Warranty,2YR Warranty,3YR Warranty",,"0,50,86",fixed,0,,,0,0,,,
HOQ42WHP,Warranty,radio,1,,fixed,"1YR Warranty,2YR Warranty,3YR Warranty",,"0,50,86",fixed,0,,,0,0,,,
HOQ22WHP,Warranty,radio,1,,fixed,"1YR Warranty,2YR Warranty,3YR Warranty",,"0,50,86",fixed,0,,,0,0,,,
HOD34WHP,Warranty,radio,1,,fixed,"1YR Warranty,2YR Warranty,3YR Warranty",,"0,50,86",fixed,0,,,0,0,,,
HOD33WHP,Warranty,radio,1,,fixed,"1YR Warranty,2YR Warranty,3YR Warranty",,"0,50,86",fixed,0,,,0,0,,,
HOD24WHP,Warranty,radio,1,,fixed,"1YR Warranty,2YR Warranty,3YR Warranty",,"0,50,86",fixed,0,,,0,0,,,
QDA52,Warranty,radio,1,,fixed,"1YR Warranty,2YR Warranty,3YR Warranty",,"0,50,86",fixed,0,,,0,0,,,
QDA53,Warranty,radio,1,,fixed,"1YR Warranty,2YR Warranty,3YR Warranty",,"0,50,86",fixed,0,,,0,0,,,
QDA51,Warranty,radio,1,,fixed,"1YR Warranty,2YR Warranty,3YR Warranty",,"0,50,86",fixed,0,,,0,0,,,
GFOFCBKW,Warranty,radio,1,,fixed,"1YR Warranty,2YR Warranty,3YR Warranty",,"0,50,86",fixed,0,,,0,0,,,
HIECTNTP,Warranty,radio,1,,fixed,"1YR Warranty,2YR Warranty,3YR Warranty",,"0,50,86",fixed,0,,,0,0,,,
HIECTWLP,Warranty,radio,1,,fixed,"1YR Warranty,2YR Warranty,3YR Warranty",,"0,50,86",fixed,0,,,0,0,,,
MSSTDDBT,Warranty,radio,1,,fixed,"1YR Warranty,2YR Warranty,3YR Warranty",,"0,50,86",fixed,0,,,0,0,,,
BCILILZE,Warranty,radio,1,,fixed,"1YR Warranty,2YR Warranty,3YR Warranty",,"0,50,86",fixed,0,,,0,0,,,
BCILILBE,Warranty,radio,1,,fixed,"1YR Warranty,2YR Warranty,3YR Warranty",,"0,50,86",fixed,0,,,0,0,,,
BCIMAYWN,Warranty,radio,1,,fixed,"1YR Warranty,2YR Warranty,3YR Warranty",,"0,50,86",fixed,0,,,0,0,,,
YSAJ7BKP,Warranty,radio,1,,fixed,"1YR Warranty,2YR Warranty,3YR Warranty",,"0,50,86",fixed,0,,,0,0,,,
YSAJ7NTP,Warranty,radio,1,,fixed,"1YR Warranty,2YR Warranty,3YR Warranty",,"0,50,86",fixed,0,,,0,0,,,
YSAJ7WHP,Warranty,radio,1,,fixed,"1YR Warranty,2YR Warranty,3YR Warranty",,"0,50,86",fixed,0,,,0,0,,,
EBKBMKTL,Warranty,radio,1,,fixed,"1YR Warranty,2YR Warranty,3YR Warranty",,"0,50,86",fixed,0,,,0,0,,,
JEOFIBKP,Warranty,radio,1,,fixed,"1YR Warranty,2YR Warranty,3YR Warranty",,"0,50,86",fixed,0,,,0,0,,,
YSMTRBRW,Warranty,radio,1,,fixed,"1YR Warranty,2YR Warranty,3YR Warranty",,"0,50,86",fixed,0,,,0,0,,,
ADNGDWHS,Warranty,radio,1,,fixed,"1YR Warranty,2YR Warranty,3YR Warranty",,"0,50,86",fixed,0,,,0,0,,,
ADWIBWHT,Warranty,radio,1,,fixed,"1YR Warranty,2YR Warranty,3YR Warranty",,"0,50,86",fixed,0,,,0,0,,,
ADWIWBKT,Warranty,radio,1,,fixed,"1YR Warranty,2YR Warranty,3YR Warranty",,"0,50,86",fixed,0,,,0,0,,,
HUSWCBKW,Warranty,radio,1,,fixed,"1YR Warranty,2YR Warranty,3YR Warranty",,"0,50,86",fixed,0,,,0,0,,,
HASWNBKW,Warranty,radio,1,,fixed,"1YR Warranty,2YR Warranty,3YR Warranty",,"0,50,86",fixed,0,,,0,0,,,
HUEGGBKW,Warranty,radio,1,,fixed,"1YR Warranty,2YR Warranty,3YR Warranty",,"0,50,86",fixed,0,,,0,0,,,
HUSWCMSW,Warranty,radio,1,,fixed,"1YR Warranty,2YR Warranty,3YR Warranty",,"0,50,86",fixed,0,,,0,0,,,
HUEGGMSW,Warranty,radio,1,,fixed,"1YR Warranty,2YR Warranty,3YR Warranty",,"0,50,86",fixed,0,,,0,0,,,
HUSWCRDW,Warranty,radio,1,,fixed,"1YR Warranty,2YR Warranty,3YR Warranty",,"0,50,86",fixed,0,,,0,0,,,
HASWNRDW,Warranty,radio,1,,fixed,"1YR Warranty,2YR Warranty,3YR Warranty",,"0,50,86",fixed,0,,,0,0,,,
HUEGGRDW,Warranty,radio,1,,fixed,"1YR Warranty,2YR Warranty,3YR Warranty",,"0,50,86",fixed,0,,,0,0,,,
HAEGGRDW,Warranty,radio,1,,fixed,"1YR Warranty,2YR Warranty,3YR Warranty",,"0,50,86",fixed,0,,,0,0,,,
ALHMVPCW,Warranty,radio,1,,fixed,"1YR Warranty,2YR Warranty,3YR Warranty",,"0,50,86",fixed,0,,,0,0,,,
ALHMVP3W,Warranty,radio,1,,fixed,"1YR Warranty,2YR Warranty,3YR Warranty",,"0,50,86",fixed,0,,,0,0,,,
ALHMSTPW,Warranty,radio,1,,fixed,"1YR Warranty,2YR Warranty,3YR Warranty",,"0,50,86",fixed,0,,,0,0,,,
HUSOFBKW,Warranty,radio,1,,fixed,"1YR Warranty,2YR Warranty,3YR Warranty",,"0,50,86",fixed,0,,,0,0,,,
HUSOFRDW,Warranty,radio,1,,fixed,"1YR Warranty,2YR Warranty,3YR Warranty",,"0,50,86",fixed,0,,,0,0,,,
YIBALBKF,Warranty,radio,1,,fixed,"1YR Warranty,2YR Warranty,3YR Warranty",,"0,50,86",fixed,0,,,0,0,,,
HYCBLBLM,Warranty,radio,1,,fixed,"1YR Warranty,2YR Warranty,3YR Warranty",,"0,50,86",fixed,0,,,0,0,,,
YIBALBLF,Warranty,radio,1,,fixed,"1YR Warranty,2YR Warranty,3YR Warranty",,"0,50,86",fixed,0,,,0,0,,,
HYCBLRDM,Warranty,radio,1,,fixed,"1YR Warranty,2YR Warranty,3YR Warranty",,"0,50,86",fixed,0,,,0,0,,,
YIBALRDF,Warranty,radio,1,,fixed,"1YR Warranty,2YR Warranty,3YR Warranty",,"0,50,86",fixed,0,,,0,0,,,
HYCBLWHM,Warranty,radio,1,,fixed,"1YR Warranty,2YR Warranty,3YR Warranty",,"0,50,86",fixed,0,,,0,0,,,
HYCLKBAM,Warranty,radio,1,,fixed,"1YR Warranty,2YR Warranty,3YR Warranty",,"0,50,86",fixed,0,,,0,0,,,
HYCLKBAL,Warranty,radio,1,,fixed,"1YR Warranty,2YR Warranty,3YR Warranty",,"0,50,86",fixed,0,,,0,0,,,
HYCASBKM,Warranty,radio,1,,fixed,"1YR Warranty,2YR Warranty,3YR Warranty",,"0,50,86",fixed,0,,,0,0,,,
MSSTDWHA,Warranty,radio,1,,fixed,"1YR Warranty,2YR Warranty,3YR Warranty",,"0,50,86",fixed,0,,,0,0,,,
JEPTFTQP,Warranty,radio,1,,fixed,"1YR Warranty,2YR Warranty,3YR Warranty",,"0,50,86",fixed,0,,,0,0,,,
JEPTFGRP,Warranty,radio,1,,fixed,"1YR Warranty,2YR Warranty,3YR Warranty",,"0,50,86",fixed,0,,,0,0,,,
JEPTFRDP,Warranty,radio,1,,fixed,"1YR Warranty,2YR Warranty,3YR Warranty",,"0,50,86",fixed,0,,,0,0,,,
JEPTFPKP,Warranty,radio,1,,fixed,"1YR Warranty,2YR Warranty,3YR Warranty",,"0,50,86",fixed,0,,,0,0,,,
JEPTFPPP,Warranty,radio,1,,fixed,"1YR Warranty,2YR Warranty,3YR Warranty",,"0,50,86",fixed,0,,,0,0,,,
JEPTFYLP,Warranty,radio,1,,fixed,"1YR Warranty,2YR Warranty,3YR Warranty",,"0,50,86",fixed,0,,,0,0,,,
SVEPDPBL,Warranty,radio,1,,fixed,"1YR Warranty,2YR Warranty,3YR Warranty",,"0,50,86",fixed,0,,,0,0,,,
SVEPTPBL,Warranty,radio,1,,fixed,"1YR Warranty,2YR Warranty,3YR Warranty",,"0,50,86",fixed,0,,,0,0,,,
SVEPDPRD,Warranty,radio,1,,fixed,"1YR Warranty,2YR Warranty,3YR Warranty",,"0,50,86",fixed,0,,,0,0,,,
SVEPTPRD,Warranty,radio,1,,fixed,"1YR Warranty,2YR Warranty,3YR Warranty",,"0,50,86",fixed,0,,,0,0,,,
SVEPTPWH,Warranty,radio,1,,fixed,"1YR Warranty,2YR Warranty,3YR Warranty",,"0,50,86",fixed,0,,,0,0,,,
SVEPDPWH,Warranty,radio,1,,fixed,"1YR Warranty,2YR Warranty,3YR Warranty",,"0,50,86",fixed,0,,,0,0,,,
HYCSUMLW,Warranty,radio,1,,fixed,"1YR Warranty,2YR Warranty,3YR Warranty",,"0,50,86",fixed,0,,,0,0,,,
HYEHRWHT,Warranty,radio,1,,fixed,"1YR Warranty,2YR Warranty,3YR Warranty",,"0,50,86",fixed,0,,,0,0,,,
EBBIRBKW,Warranty,radio,1,,fixed,"1YR Warranty,2YR Warranty,3YR Warranty",,"0,50,86",fixed,0,,,0,0,,,
EBBIRWHW,Warranty,radio,1,,fixed,"1YR Warranty,2YR Warranty,3YR Warranty",,"0,50,86",fixed,0,,,0,0,,,
LXPCFBKF,Warranty,radio,1,,fixed,"1YR Warranty,2YR Warranty,3YR Warranty",,"0,50,86",fixed,0,,,0,0,,,
LXPCFWHF,Warranty,radio,1,,fixed,"1YR Warranty,2YR Warranty,3YR Warranty",,"0,50,86",fixed,0,,,0,0,,,
LXMTBKF,Warranty,radio,1,,fixed,"1YR Warranty,2YR Warranty,3YR Warranty",,"0,50,86",fixed,0,,,0,0,,,
LXFLBKF,Warranty,radio,1,,fixed,"1YR Warranty,2YR Warranty,3YR Warranty",,"0,50,86",fixed,0,,,0,0,,,
EBGTFBKA,Warranty,radio,1,,fixed,"1YR Warranty,2YR Warranty,3YR Warranty",,"0,50,86",fixed,0,,,0,0,,,
LXMTRDF,Warranty,radio,1,,fixed,"1YR Warranty,2YR Warranty,3YR Warranty",,"0,50,86",fixed,0,,,0,0,,,
LXFLRDF,Warranty,radio,1,,fixed,"1YR Warranty,2YR Warranty,3YR Warranty",,"0,50,86",fixed,0,,,0,0,,,
EBGTFRDA,Warranty,radio,1,,fixed,"1YR Warranty,2YR Warranty,3YR Warranty",,"0,50,86",fixed,0,,,0,0,,,
LIPF2WHP,Warranty,radio,1,,fixed,"1YR Warranty,2YR Warranty,3YR Warranty",,"0,50,86",fixed,0,,,0,0,,,
LXMTWHF,Warranty,radio,1,,fixed,"1YR Warranty,2YR Warranty,3YR Warranty",,"0,50,86",fixed,0,,,0,0,,,
LXFLWHF,Warranty,radio,1,,fixed,"1YR Warranty,2YR Warranty,3YR Warranty",,"0,50,86",fixed,0,,,0,0,,,
LXARCWHM,Warranty,radio,1,,fixed,"1YR Warranty,2YR Warranty,3YR Warranty",,"0,50,86",fixed,0,,,0,0,,,
LIPF3YLP,Warranty,radio,1,,fixed,"1YR Warranty,2YR Warranty,3YR Warranty",,"0,50,86",fixed,0,,,0,0,,,
LIPF1WHP,Warranty,radio,1,,fixed,"1YR Warranty,2YR Warranty,3YR Warranty",,"0,50,86",fixed,0,,,0,0,,,
LIPF6WHP,Warranty,radio,1,,fixed,"1YR Warranty,2YR Warranty,3YR Warranty",,"0,50,86",fixed,0,,,0,0,,,
EBGTFSDA,Warranty,radio,1,,fixed,"1YR Warranty,2YR Warranty,3YR Warranty",,"0,50,86",fixed,0,,,0,0,,,
LIPF4WHP,Warranty,radio,1,,fixed,"1YR Warranty,2YR Warranty,3YR Warranty",,"0,50,86",fixed,0,,,0,0,,,
LIPF5BEP,Warranty,radio,1,,fixed,"1YR Warranty,2YR Warranty,3YR Warranty",,"0,50,86",fixed,0,,,0,0,,,
EBAJTBKA,Warranty,radio,1,,fixed,"1YR Warranty,2YR Warranty,3YR Warranty",,"0,50,86",fixed,0,,,0,0,,,
EBAJFBKA,Warranty,radio,1,,fixed,"1YR Warranty,2YR Warranty,3YR Warranty",,"0,50,86",fixed,0,,,0,0,,,
EBAJTGRA,Warranty,radio,1,,fixed,"1YR Warranty,2YR Warranty,3YR Warranty",,"0,50,86",fixed,0,,,0,0,,,
EBCLOGGA,Warranty,radio,1,,fixed,"1YR Warranty,2YR Warranty,3YR Warranty",,"0,50,86",fixed,0,,,0,0,,,
EBAJTWHA,Warranty,radio,1,,fixed,"1YR Warranty,2YR Warranty,3YR Warranty",,"0,50,86",fixed,0,,,0,0,,,
EBAJFWHA,Warranty,radio,1,,fixed,"1YR Warranty,2YR Warranty,3YR Warranty",,"0,50,86",fixed,0,,,0,0,,,
QDA11,Warranty,radio,1,,fixed,"1YR Warranty,2YR Warranty,3YR Warranty",,"0,50,86",fixed,0,,,0,0,,,
QDA10,Warranty,radio,1,,fixed,"1YR Warranty,2YR Warranty,3YR Warranty",,"0,50,86",fixed,0,,,0,0,,,
QDA12,Warranty,radio,1,,fixed,"1YR Warranty,2YR Warranty,3YR Warranty",,"0,50,86",fixed,0,,,0,0,,,
ZSSLPBLC-CUSHION,Warranty,radio,1,,fixed,"1YR Warranty,2YR Warranty,3YR Warranty",,"0,50,86",fixed,0,,,0,0,,,
ZSSLPGRC-CUSHION,Warranty,radio,1,,fixed,"1YR Warranty,2YR Warranty,3YR Warranty",,"0,50,86",fixed,0,,,0,0,,,
GLIDES,Warranty,radio,1,,fixed,"1YR Warranty,2YR Warranty,3YR Warranty",,"0,50,86",fixed,0,,,0,0,,,
SSMNSCLV,Warranty,radio,1,,fixed,"1YR Warranty,2YR Warranty,3YR Warranty",,"0,50,86",fixed,0,,,0,0,,,
SSMWSCLV,Warranty,radio,1,,fixed,"1YR Warranty,2YR Warranty,3YR Warranty",,"0,50,86",fixed,0,,,0,0,,,
ESLCKLQR,Warranty,radio,1,,fixed,"1YR Warranty,2YR Warranty,3YR Warranty",,"0,50,86",fixed,0,,,0,0,,,
ANOSVBKF,Warranty,radio,1,,fixed,"1YR Warranty,2YR Warranty,3YR Warranty",,"0,50,86",fixed,0,,,0,0,,,
ANOCVBKP,Warranty,radio,1,,fixed,"1YR Warranty,2YR Warranty,3YR Warranty",,"0,50,86",fixed,0,,,0,0,,,
ANOSVNBF,Warranty,radio,1,,fixed,"1YR Warranty,2YR Warranty,3YR Warranty",,"0,50,86",fixed,0,,,0,0,,,
FF7,Warranty,radio,1,,fixed,"1YR Warranty,2YR Warranty,3YR Warranty",,"0,50,86",fixed,0,,,0,0,,,
FF10,Warranty,radio,1,,fixed,"1YR Warranty,2YR Warranty,3YR Warranty",,"0,50,86",fixed,0,,,0,0,,,
JESLSBRL,Warranty,radio,1,,fixed,"1YR Warranty,2YR Warranty,3YR Warranty",,"0,50,86",fixed,0,,,0,0,,,
JELLCBRL,Warranty,radio,1,,fixed,"1YR Warranty,2YR Warranty,3YR Warranty",,"0,50,86",fixed,0,,,0,0,,,
ANEOMBKL,Warranty,radio,1,,fixed,"1YR Warranty,2YR Warranty,3YR Warranty",,"0,50,86",fixed,0,,,0,0,,,
HIELOBKL,Warranty,radio,1,,fixed,"1YR Warranty,2YR Warranty,3YR Warranty",,"0,50,86",fixed,0,,,0,0,,,
YSBACBKP,Warranty,radio,1,,fixed,"1YR Warranty,2YR Warranty,3YR Warranty",,"0,50,86",fixed,0,,,0,0,,,
JICOMBKP,Warranty,radio,1,,fixed,"1YR Warranty,2YR Warranty,3YR Warranty",,"0,50,86",fixed,0,,,0,0,,,
YSBAOWHP,Warranty,radio,1,,fixed,"1YR Warranty,2YR Warranty,3YR Warranty",,"0,50,86",fixed,0,,,0,0,,,
YSELCXCP,Warranty,radio,1,,fixed,"1YR Warranty,2YR Warranty,3YR Warranty",,"0,50,86",fixed,0,,,0,0,,,
HDT6PBKW,Warranty,radio,1,,fixed,"1YR Warranty,2YR Warranty,3YR Warranty",,"0,50,86",fixed,0,,,0,0,,,
YSEMOVBK,Warranty,radio,1,,fixed,"1YR Warranty,2YR Warranty,3YR Warranty",,"0,50,86",fixed,0,,,0,0,,,
MAE-YE001,Warranty,radio,1,,fixed,"1YR Warranty,2YR Warranty,3YR Warranty",,"0,50,86",fixed,0,,,0,0,,,
MAE-YE002,Warranty,radio,1,,fixed,"1YR Warranty,2YR Warranty,3YR Warranty",,"0,50,86",fixed,0,,,0,0,,,
MAE-YE003,Warranty,radio,1,,fixed,"1YR Warranty,2YR Warranty,3YR Warranty",,"0,50,86",fixed,0,,,0,0,,,
ADMADFLP,Warranty,radio,1,,fixed,"1YR Warranty,2YR Warranty,3YR Warranty",,"0,50,86",fixed,0,,,0,0,,,
YSEMOFBK,Warranty,radio,1,,fixed,"1YR Warranty,2YR Warranty,3YR Warranty",,"0,50,86",fixed,0,,,0,0,,,
HUCOCBKP,Warranty,radio,1,,fixed,"1YR Warranty,2YR Warranty,3YR Warranty",,"0,50,86",fixed,0,,,0,0,,,
MSUSNCBA,Warranty,radio,1,,fixed,"1YR Warranty,2YR Warranty,3YR Warranty",,"0,50,86",fixed,0,,,0,0,,,
ADOMTEWH,Warranty,radio,1,,fixed,"1YR Warranty,2YR Warranty,3YR Warranty",,"0,50,86",fixed,0,,,0,0,,,
ADOMTEBK,Warranty,radio,1,,fixed,"1YR Warranty,2YR Warranty,3YR Warranty",,"0,50,86",fixed,0,,,0,0,,,
HUTUT09F,Warranty,radio,1,,fixed,"1YR Warranty,2YR Warranty,3YR Warranty",,"0,50,86",fixed,0,,,0,0,,,
HUTUT12F,Warranty,radio,1,,fixed,"1YR Warranty,2YR Warranty,3YR Warranty",,"0,50,86",fixed,0,,,0,0,,,
HUTUT09M,Warranty,radio,1,,fixed,"1YR Warranty,2YR Warranty,3YR Warranty",,"0,50,86",fixed,0,,,0,0,,,
HUTUT12M,Warranty,radio,1,,fixed,"1YR Warranty,2YR Warranty,3YR Warranty",,"0,50,86",fixed,0,,,0,0,,,
HUGNB15W,Warranty,radio,1,,fixed,"1YR Warranty,2YR Warranty,3YR Warranty",,"0,50,86",fixed,0,,,0,0,,,
HUGNB18W,Warranty,radio,1,,fixed,"1YR Warranty,2YR Warranty,3YR Warranty",,"0,50,86",fixed,0,,,0,0,,,
HUWBCGRC,Warranty,radio,1,,fixed,"1YR Warranty,2YR Warranty,3YR Warranty",,"0,50,86",fixed,0,,,0,0,,,
HUWBCRDC,Warranty,radio,1,,fixed,"1YR Warranty,2YR Warranty,3YR Warranty",,"0,50,86",fixed,0,,,0,0,,,
MSUSNBBA,Warranty,radio,1,,fixed,"1YR Warranty,2YR Warranty,3YR Warranty",,"0,50,86",fixed,0,,,0,0,,,
ADGST6CP,Warranty,radio,1,,fixed,"1YR Warranty,2YR Warranty,3YR Warranty",,"0,50,86",fixed,0,,,0,0,,,
ADGST7CP,Warranty,radio,1,,fixed,"1YR Warranty,2YR Warranty,3YR Warranty",,"0,50,86",fixed,0,,,0,0,,,
N600,Warranty,radio,1,,fixed,"1YR Warranty,2YR Warranty,3YR Warranty",,"0,50,86",fixed,0,,,0,0,,,
N500,Warranty,radio,1,,fixed,"1YR Warranty,2YR Warranty,3YR Warranty",,"0,50,86",fixed,0,,,0,0,,,
N1300,Warranty,radio,1,,fixed,"1YR Warranty,2YR Warranty,3YR Warranty",,"0,50,86",fixed,0,,,0,0,,,
P023,Warranty,radio,1,,fixed,"1YR Warranty,2YR Warranty,3YR Warranty",,"0,50,86",fixed,0,,,0,0,,,
P019,Warranty,radio,1,,fixed,"1YR Warranty,2YR Warranty,3YR Warranty",,"0,50,86",fixed,0,,,0,0,,,
P018,Warranty,radio,1,,fixed,"1YR Warranty,2YR Warranty,3YR Warranty",,"0,50,86",fixed,0,,,0,0,,,
PR04,Warranty,radio,1,,fixed,"1YR Warranty,2YR Warranty,3YR Warranty",,"0,50,86",fixed,0,,,0,0,,,
PR06,Warranty,radio,1,,fixed,"1YR Warranty,2YR Warranty,3YR Warranty",,"0,50,86",fixed,0,,,0,0,,,
PR07,Warranty,radio,1,,fixed,"1YR Warranty,2YR Warranty,3YR Warranty",,"0,50,86",fixed,0,,,0,0,,,
HBFLOCK,Warranty,radio,1,,fixed,"1YR Warranty,2YR Warranty,3YR Warranty",,"0,50,86",fixed,0,,,0,0,,,
HBFLOCKXL,Warranty,radio,1,,fixed,"1YR Warranty,2YR Warranty,3YR Warranty",,"0,50,86",fixed,0,,,0,0,,,
HBSTAG,Warranty,radio,1,,fixed,"1YR Warranty,2YR Warranty,3YR Warranty",,"0,50,86",fixed,0,,,0,0,,,
HBSTAGXL,Warranty,radio,1,,fixed,"1YR Warranty,2YR Warranty,3YR Warranty",,"0,50,86",fixed,0,,,0,0,,,
HBHORSE,Warranty,radio,1,,fixed,"1YR Warranty,2YR Warranty,3YR Warranty",,"0,50,86",fixed,0,,,0,0,,,
HBCOG,Warranty,radio,1,,fixed,"1YR Warranty,2YR Warranty,3YR Warranty",,"0,50,86",fixed,0,,,0,0,,,
CON050270211,Warranty,radio,1,,fixed,"1YR Warranty,2YR Warranty,3YR Warranty",,"0,50,86",fixed,0,,,0,0,,,
CON070270211,Warranty,radio,1,,fixed,"1YR Warranty,2YR Warranty,3YR Warranty",,"0,50,86",fixed,0,,,0,0,,,
CON080270211,Warranty,radio,1,,fixed,"1YR Warranty,2YR Warranty,3YR Warranty",,"0,50,86",fixed,0,,,0,0,,,
CON050270266,Warranty,radio,1,,fixed,"1YR Warranty,2YR Warranty,3YR Warranty",,"0,50,86",fixed,0,,,0,0,,,
CON080270266,Warranty,radio,1,,fixed,"1YR Warranty,2YR Warranty,3YR Warranty",,"0,50,86",fixed,0,,,0,0,,,
CON050270288,Warranty,radio,1,,fixed,"1YR Warranty,2YR Warranty,3YR Warranty",,"0,50,86",fixed,0,,,0,0,,,
CON070270288,Warranty,radio,1,,fixed,"1YR Warranty,2YR Warranty,3YR Warranty",,"0,50,86",fixed,0,,,0,0,,,
CON080270288,Warranty,radio,1,,fixed,"1YR Warranty,2YR Warranty,3YR Warranty",,"0,50,86",fixed,0,,,0,0,,,
CON0702703111,Warranty,radio,1,,fixed,"1YR Warranty,2YR Warranty,3YR Warranty",,"0,50,86",fixed,0,,,0,0,,,
CON0802703111,Warranty,radio,1,,fixed,"1YR Warranty,2YR Warranty,3YR Warranty",,"0,50,86",fixed,0,,,0,0,,,
CON0702703818,Warranty,radio,1,,fixed,"1YR Warranty,2YR Warranty,3YR Warranty",,"0,50,86",fixed,0,,,0,0,,,
CON0802703818,Warranty,radio,1,,fixed,"1YR Warranty,2YR Warranty,3YR Warranty",,"0,50,86",fixed,0,,,0,0,,,
CON0502706111,Warranty,radio,1,,fixed,"1YR Warranty,2YR Warranty,3YR Warranty",,"0,50,86",fixed,0,,,0,0,,,
CON0702706111,Warranty,radio,1,,fixed,"1YR Warranty,2YR Warranty,3YR Warranty",,"0,50,86",fixed,0,,,0,0,,,
CON0802706111,Warranty,radio,1,,fixed,"1YR Warranty,2YR Warranty,3YR Warranty",,"0,50,86",fixed,0,,,0,0,,,
CON0502706166,Warranty,radio,1,,fixed,"1YR Warranty,2YR Warranty,3YR Warranty",,"0,50,86",fixed,0,,,0,0,,,
CON0702706166,Warranty,radio,1,,fixed,"1YR Warranty,2YR Warranty,3YR Warranty",,"0,50,86",fixed,0,,,0,0,,,
CON0802706166,Warranty,radio,1,,fixed,"1YR Warranty,2YR Warranty,3YR Warranty",,"0,50,86",fixed,0,,,0,0,,,
CON0502706188,Warranty,radio,1,,fixed,"1YR Warranty,2YR Warranty,3YR Warranty",,"0,50,86",fixed,0,,,0,0,,,
CON0702706188,Warranty,radio,1,,fixed,"1YR Warranty,2YR Warranty,3YR Warranty",,"0,50,86",fixed,0,,,0,0,,,
CON0802706188,Warranty,radio,1,,fixed,"1YR Warranty,2YR Warranty,3YR Warranty",,"0,50,86",fixed,0,,,0,0,,,
CON050271110,Warranty,radio,1,,fixed,"1YR Warranty,2YR Warranty,3YR Warranty",,"0,50,86",fixed,0,,,0,0,,,
CON070271110,Warranty,radio,1,,fixed,"1YR Warranty,2YR Warranty,3YR Warranty",,"0,50,86",fixed,0,,,0,0,,,
CON080271110,Warranty,radio,1,,fixed,"1YR Warranty,2YR Warranty,3YR Warranty",,"0,50,86",fixed,0,,,0,0,,,
CON050271160,Warranty,radio,1,,fixed,"1YR Warranty,2YR Warranty,3YR Warranty",,"0,50,86",fixed,0,,,0,0,,,
CON070271160,Warranty,radio,1,,fixed,"1YR Warranty,2YR Warranty,3YR Warranty",,"0,50,86",fixed,0,,,0,0,,,
CON080271160,Warranty,radio,1,,fixed,"1YR Warranty,2YR Warranty,3YR Warranty",,"0,50,86",fixed,0,,,0,0,,,
CON050271180,Warranty,radio,1,,fixed,"1YR Warranty,2YR Warranty,3YR Warranty",,"0,50,86",fixed,0,,,0,0,,,
CON070271180,Warranty,radio,1,,fixed,"1YR Warranty,2YR Warranty,3YR Warranty",,"0,50,86",fixed,0,,,0,0,,,
CON080271180,Warranty,radio,1,,fixed,"1YR Warranty,2YR Warranty,3YR Warranty",,"0,50,86",fixed,0,,,0,0,,,
CON050277510,Warranty,radio,1,,fixed,"1YR Warranty,2YR Warranty,3YR Warranty",,"0,50,86",fixed,0,,,0,0,,,
CON070277510,Warranty,radio,1,,fixed,"1YR Warranty,2YR Warranty,3YR Warranty",,"0,50,86",fixed,0,,,0,0,,,
CON080277510,Warranty,radio,1,,fixed,"1YR Warranty,2YR Warranty,3YR Warranty",,"0,50,86",fixed,0,,,0,0,,,
CON050277560,Warranty,radio,1,,fixed,"1YR Warranty,2YR Warranty,3YR Warranty",,"0,50,86",fixed,0,,,0,0,,,
CON070277560,Warranty,radio,1,,fixed,"1YR Warranty,2YR Warranty,3YR Warranty",,"0,50,86",fixed,0,,,0,0,,,
CON080277560,Warranty,radio,1,,fixed,"1YR Warranty,2YR Warranty,3YR Warranty",,"0,50,86",fixed,0,,,0,0,,,
CON050277580,Warranty,radio,1,,fixed,"1YR Warranty,2YR Warranty,3YR Warranty",,"0,50,86",fixed,0,,,0,0,,,
CON070277580,Warranty,radio,1,,fixed,"1YR Warranty,2YR Warranty,3YR Warranty",,"0,50,86",fixed,0,,,0,0,,,
CON080277580,Warranty,radio,1,,fixed,"1YR Warranty,2YR Warranty,3YR Warranty",,"0,50,86",fixed,0,,,0,0,,,
CON050277610,Warranty,radio,1,,fixed,"1YR Warranty,2YR Warranty,3YR Warranty",,"0,50,86",fixed,0,,,0,0,,,
CON070277610,Warranty,radio,1,,fixed,"1YR Warranty,2YR Warranty,3YR Warranty",,"0,50,86",fixed,0,,,0,0,,,
CON080277610,Warranty,radio,1,,fixed,"1YR Warranty,2YR Warranty,3YR Warranty",,"0,50,86",fixed,0,,,0,0,,,
CON050277660,Warranty,radio,1,,fixed,"1YR Warranty,2YR Warranty,3YR Warranty",,"0,50,86",fixed,0,,,0,0,,,
CON070277660,Warranty,radio,1,,fixed,"1YR Warranty,2YR Warranty,3YR Warranty",,"0,50,86",fixed,0,,,0,0,,,
CON080277660,Warranty,radio,1,,fixed,"1YR Warranty,2YR Warranty,3YR Warranty",,"0,50,86",fixed,0,,,0,0,,,
CON050277680,Warranty,radio,1,,fixed,"1YR Warranty,2YR Warranty,3YR Warranty",,"0,50,86",fixed,0,,,0,0,,,
CON070277680,Warranty,radio,1,,fixed,"1YR Warranty,2YR Warranty,3YR Warranty",,"0,50,86",fixed,0,,,0,0,,,
HIG0705702156,Warranty,radio,1,,fixed,"1YR Warranty,2YR Warranty,3YR Warranty",,"0,50,86",fixed,0,,,0,0,,,
HIG07057022391,Warranty,radio,1,,fixed,"1YR Warranty,2YR Warranty,3YR Warranty",,"0,50,86",fixed,0,,,0,0,,,
HIG0705702268,Warranty,radio,1,,fixed,"1YR Warranty,2YR Warranty,3YR Warranty",,"0,50,86",fixed,0,,,0,0,,,
HIG0705700211,Warranty,radio,1,,fixed,"1YR Warranty,2YR Warranty,3YR Warranty",,"0,50,86",fixed,0,,,0,0,,,
HIG0805700211,Warranty,radio,1,,fixed,"1YR Warranty,2YR Warranty,3YR Warranty",,"0,50,86",fixed,0,,,0,0,,,
HIG0705700231,Warranty,radio,1,,fixed,"1YR Warranty,2YR Warranty,3YR Warranty",,"0,50,86",fixed,0,,,0,0,,,
HIG0805700231,Warranty,radio,1,,fixed,"1YR Warranty,2YR Warranty,3YR Warranty",,"0,50,86",fixed,0,,,0,0,,,
HIG0705700261,Warranty,radio,1,,fixed,"1YR Warranty,2YR Warranty,3YR Warranty",,"0,50,86",fixed,0,,,0,0,,,
HIG0805700261,Warranty,radio,1,,fixed,"1YR Warranty,2YR Warranty,3YR Warranty",,"0,50,86",fixed,0,,,0,0,,,
HIG07057002991,Warranty,radio,1,,fixed,"1YR Warranty,2YR Warranty,3YR Warranty",,"0,50,86",fixed,0,,,0,0,,,
HIG08057002991,Warranty,radio,1,,fixed,"1YR Warranty,2YR Warranty,3YR Warranty",,"0,50,86",fixed,0,,,0,0,,,
YSFKOBKL,Warranty,radio,1,,fixed,"1YR Warranty,2YR Warranty,3YR Warranty",,"0,50,86",fixed,0,,,0,0,,,
YSFKOWHL,Warranty,radio,1,,fixed,"1YR Warranty,2YR Warranty,3YR Warranty",,"0,50,86",fixed,0,,,0,0,,,
QD800B,Warranty,radio,1,,fixed,"1YR Warranty,2YR Warranty,3YR Warranty",,"0,50,86",fixed,0,,,0,0,,,
QD800W,Warranty,radio,1,,fixed,"1YR Warranty,2YR Warranty,3YR Warranty",,"0,50,86",fixed,0,,,0,0,,,
QD800,Warranty,radio,1,,fixed,"1YR Warranty,2YR Warranty,3YR Warranty",,"0,50,86",fixed,0,,,0,0,,,
QD909,Warranty,radio,1,,fixed,"1YR Warranty,2YR Warranty,3YR Warranty",,"0,50,86",fixed,0,,,0,0,,,
QD909B,Warranty,radio,1,,fixed,"1YR Warranty,2YR Warranty,3YR Warranty",,"0,50,86",fixed,0,,,0,0,,,
QD909W,Warranty,radio,1,,fixed,"1YR Warranty,2YR Warranty,3YR Warranty",,"0,50,86",fixed,0,,,0,0,,,
134046,Warranty,radio,1,,fixed,"1YR Warranty,2YR Warranty,3YR Warranty",,"0,50,86",fixed,0,,,0,0,,,
134057,Warranty,radio,1,,fixed,"1YR Warranty,2YR Warranty,3YR Warranty",,"0,50,86",fixed,0,,,0,0,,,
134080,Warranty,radio,1,,fixed,"1YR Warranty,2YR Warranty,3YR Warranty",,"0,50,86",fixed,0,,,0,0,,,
134046B,Warranty,radio,1,,fixed,"1YR Warranty,2YR Warranty,3YR Warranty",,"0,50,86",fixed,0,,,0,0,,,
134057B,Warranty,radio,1,,fixed,"1YR Warranty,2YR Warranty,3YR Warranty",,"0,50,86",fixed,0,,,0,0,,,
134080B,Warranty,radio,1,,fixed,"1YR Warranty,2YR Warranty,3YR Warranty",,"0,50,86",fixed,0,,,0,0,,,
438646B,Warranty,radio,1,,fixed,"1YR Warranty,2YR Warranty,3YR Warranty",,"0,50,86",fixed,0,,,0,0,,,
438657B,Warranty,radio,1,,fixed,"1YR Warranty,2YR Warranty,3YR Warranty",,"0,50,86",fixed,0,,,0,0,,,
438680B,Warranty,radio,1,,fixed,"1YR Warranty,2YR Warranty,3YR Warranty",,"0,50,86",fixed,0,,,0,0,,,
GM87746,Warranty,radio,1,,fixed,"1YR Warranty,2YR Warranty,3YR Warranty",,"0,50,86",fixed,0,,,0,0,,,
GM87757,Warranty,radio,1,,fixed,"1YR Warranty,2YR Warranty,3YR Warranty",,"0,50,86",fixed,0,,,0,0,,,
GM87780,Warranty,radio,1,,fixed,"1YR Warranty,2YR Warranty,3YR Warranty",,"0,50,86",fixed,0,,,0,0,,,
CK546,Warranty,radio,1,,fixed,"1YR Warranty,2YR Warranty,3YR Warranty",,"0,50,86",fixed,0,,,0,0,,,
CK557,Warranty,radio,1,,fixed,"1YR Warranty,2YR Warranty,3YR Warranty",,"0,50,86",fixed,0,,,0,0,,,
CK746,Warranty,radio,1,,fixed,"1YR Warranty,2YR Warranty,3YR Warranty",,"0,50,86",fixed,0,,,0,0,,,
CK757,Warranty,radio,1,,fixed,"1YR Warranty,2YR Warranty,3YR Warranty",,"0,50,86",fixed,0,,,0,0,,,
CK780,Warranty,radio,1,,fixed,"1YR Warranty,2YR Warranty,3YR Warranty",,"0,50,86",fixed,0,,,0,0,,,
CK846,Warranty,radio,1,,fixed,"1YR Warranty,2YR Warranty,3YR Warranty",,"0,50,86",fixed,0,,,0,0,,,
CK857,Warranty,radio,1,,fixed,"1YR Warranty,2YR Warranty,3YR Warranty",,"0,50,86",fixed,0,,,0,0,,,
CK9346,Warranty,radio,1,,fixed,"1YR Warranty,2YR Warranty,3YR Warranty",,"0,50,86",fixed,0,,,0,0,,,
CK9357,Warranty,radio,1,,fixed,"1YR Warranty,2YR Warranty,3YR Warranty",,"0,50,86",fixed,0,,,0,0,,,
CK9380,Warranty,radio,1,,fixed,"1YR Warranty,2YR Warranty,3YR Warranty",,"0,50,86",fixed,0,,,0,0,,,
CK9346DB,Warranty,radio,1,,fixed,"1YR Warranty,2YR Warranty,3YR Warranty",,"0,50,86",fixed,0,,,0,0,,,
CK9357DB,Warranty,radio,1,,fixed,"1YR Warranty,2YR Warranty,3YR Warranty",,"0,50,86",fixed,0,,,0,0,,,
CK9446,Warranty,radio,1,,fixed,"1YR Warranty,2YR Warranty,3YR Warranty",,"0,50,86",fixed,0,,,0,0,,,
CK9457,Warranty,radio,1,,fixed,"1YR Warranty,2YR Warranty,3YR Warranty",,"0,50,86",fixed,0,,,0,0,,,
CK9480,Warranty,radio,1,,fixed,"1YR Warranty,2YR Warranty,3YR Warranty",,"0,50,86",fixed,0,,,0,0,,,
CK9474,Warranty,radio,1,,fixed,"1YR Warranty,2YR Warranty,3YR Warranty",,"0,50,86",fixed,0,,,0,0,,,
CK9646,Warranty,radio,1,,fixed,"1YR Warranty,2YR Warranty,3YR Warranty",,"0,50,86",fixed,0,,,0,0,,,
CK9657,Warranty,radio,1,,fixed,"1YR Warranty,2YR Warranty,3YR Warranty",,"0,50,86",fixed,0,,,0,0,,,
CK9680,Warranty,radio,1,,fixed,"1YR Warranty,2YR Warranty,3YR Warranty",,"0,50,86",fixed,0,,,0,0,,,
CK9746,Warranty,radio,1,,fixed,"1YR Warranty,2YR Warranty,3YR Warranty",,"0,50,86",fixed,0,,,0,0,,,
CK9757,Warranty,radio,1,,fixed,"1YR Warranty,2YR Warranty,3YR Warranty",,"0,50,86",fixed,0,,,0,0,,,
CK9780,Warranty,radio,1,,fixed,"1YR Warranty,2YR Warranty,3YR Warranty",,"0,50,86",fixed,0,,,0,0,,,
KW246B,Warranty,radio,1,,fixed,"1YR Warranty,2YR Warranty,3YR Warranty",,"0,50,86",fixed,0,,,0,0,,,
KW257B,Warranty,radio,1,,fixed,"1YR Warranty,2YR Warranty,3YR Warranty",,"0,50,86",fixed,0,,,0,0,,,
KW280B,Warranty,radio,1,,fixed,"1YR Warranty,2YR Warranty,3YR Warranty",,"0,50,86",fixed,0,,,0,0,,,
KW246W,Warranty,radio,1,,fixed,"1YR Warranty,2YR Warranty,3YR Warranty",,"0,50,86",fixed,0,,,0,0,,,
KW257W,Warranty,radio,1,,fixed,"1YR Warranty,2YR Warranty,3YR Warranty",,"0,50,86",fixed,0,,,0,0,,,
KW280W,Warranty,radio,1,,fixed,"1YR Warranty,2YR Warranty,3YR Warranty",,"0,50,86",fixed,0,,,0,0,,,
KW346B,Warranty,radio,1,,fixed,"1YR Warranty,2YR Warranty,3YR Warranty",,"0,50,86",fixed,0,,,0,0,,,
KW357B,Warranty,radio,1,,fixed,"1YR Warranty,2YR Warranty,3YR Warranty",,"0,50,86",fixed,0,,,0,0,,,
KW380B,Warranty,radio,1,,fixed,"1YR Warranty,2YR Warranty,3YR Warranty",,"0,50,86",fixed,0,,,0,0,,,
KW346W,Warranty,radio,1,,fixed,"1YR Warranty,2YR Warranty,3YR Warranty",,"0,50,86",fixed,0,,,0,0,,,
KW357W,Warranty,radio,1,,fixed,"1YR Warranty,2YR Warranty,3YR Warranty",,"0,50,86",fixed,0,,,0,0,,,
KW380W,Warranty,radio,1,,fixed,"1YR Warranty,2YR Warranty,3YR Warranty",,"0,50,86",fixed,0,,,0,0,,,
KW446,Warranty,radio,1,,fixed,"1YR Warranty,2YR Warranty,3YR Warranty",,"0,50,86",fixed,0,,,0,0,,,
KW457,Warranty,radio,1,,fixed,"1YR Warranty,2YR Warranty,3YR Warranty",,"0,50,86",fixed,0,,,0,0,,,
KW480,Warranty,radio,1,,fixed,"1YR Warranty,2YR Warranty,3YR Warranty",,"0,50,86",fixed,0,,,0,0,,,
KW646B,Warranty,radio,1,,fixed,"1YR Warranty,2YR Warranty,3YR Warranty",,"0,50,86",fixed,0,,,0,0,,,
KW657B,Warranty,radio,1,,fixed,"1YR Warranty,2YR Warranty,3YR Warranty",,"0,50,86",fixed,0,,,0,0,,,
KW680B,Warranty,radio,1,,fixed,"1YR Warranty,2YR Warranty,3YR Warranty",,"0,50,86",fixed,0,,,0,0,,,
KW646W,Warranty,radio,1,,fixed,"1YR Warranty,2YR Warranty,3YR Warranty",,"0,50,86",fixed,0,,,0,0,,,
KW657W,Warranty,radio,1,,fixed,"1YR Warranty,2YR Warranty,3YR Warranty",,"0,50,86",fixed,0,,,0,0,,,
KW680W,Warranty,radio,1,,fixed,"1YR Warranty,2YR Warranty,3YR Warranty",,"0,50,86",fixed,0,,,0,0,,,
T237464,Warranty,radio,1,,fixed,"1YR Warranty,2YR Warranty,3YR Warranty",,"0,50,86",fixed,0,,,0,0,,,
T237464B,Warranty,radio,1,,fixed,"1YR Warranty,2YR Warranty,3YR Warranty",,"0,50,86",fixed,0,,,0,0,,,
KW746B,Warranty,radio,1,,fixed,"1YR Warranty,2YR Warranty,3YR Warranty",,"0,50,86",fixed,0,,,0,0,,,
KW757B,Warranty,radio,1,,fixed,"1YR Warranty,2YR Warranty,3YR Warranty",,"0,50,86",fixed,0,,,0,0,,,
KW746W,Warranty,radio,1,,fixed,"1YR Warranty,2YR Warranty,3YR Warranty",,"0,50,86",fixed,0,,,0,0,,,
KW757W,Warranty,radio,1,,fixed,"1YR Warranty,2YR Warranty,3YR Warranty",,"0,50,86",fixed,0,,,0,0,,,
AH375,Warranty,radio,1,,fixed,"1YR Warranty,2YR Warranty,3YR Warranty",,"0,50,86",fixed,0,,,0,0,,,
AH368,Warranty,radio,1,,fixed,"1YR Warranty,2YR Warranty,3YR Warranty",,"0,50,86",fixed,0,,,0,0,,,
AH380,Warranty,radio,1,,fixed,"1YR Warranty,2YR Warranty,3YR Warranty",,"0,50,86",fixed,0,,,0,0,,,
JT20074,Warranty,radio,1,,fixed,"1YR Warranty,2YR Warranty,3YR Warranty",,"0,50,86",fixed,0,,,0,0,,,
JT20113,Warranty,radio,1,,fixed,"1YR Warranty,2YR Warranty,3YR Warranty",,"0,50,86",fixed,0,,,0,0,,,
TK300,Warranty,radio,1,,fixed,"1YR Warranty,2YR Warranty,3YR Warranty",,"0,50,86",fixed,0,,,0,0,,,
TK301,Warranty,radio,1,,fixed,"1YR Warranty,2YR Warranty,3YR Warranty",,"0,50,86",fixed,0,,,0,0,,,
TK302,Warranty,radio,1,,fixed,"1YR Warranty,2YR Warranty,3YR Warranty",,"0,50,86",fixed,0,,,0,0,,,
TK303,Warranty,radio,1,,fixed,"1YR Warranty,2YR Warranty,3YR Warranty",,"0,50,86",fixed,0,,,0,0,,,
TK400,Warranty,radio,1,,fixed,"1YR Warranty,2YR Warranty,3YR Warranty",,"0,50,86",fixed,0,,,0,0,,,
TK401,Warranty,radio,1,,fixed,"1YR Warranty,2YR Warranty,3YR Warranty",,"0,50,86",fixed,0,,,0,0,,,
TK402,Warranty,radio,1,,fixed,"1YR Warranty,2YR Warranty,3YR Warranty",,"0,50,86",fixed,0,,,0,0,,,
TK403,Warranty,radio,1,,fixed,"1YR Warranty,2YR Warranty,3YR Warranty",,"0,50,86",fixed,0,,,0,0,,,
QSC1005W,Warranty,radio,1,,fixed,"1YR Warranty,2YR Warranty,3YR Warranty",,"0,50,86",fixed,0,,,0,0,,,
32514Q,Warranty,radio,1,,fixed,"1YR Warranty,2YR Warranty,3YR Warranty",,"0,50,86",fixed,0,,,0,0,,,
32514B,Warranty,radio,1,,fixed,"1YR Warranty,2YR Warranty,3YR Warranty",,"0,50,86",fixed,0,,,0,0,,,
32516Q,Warranty,radio,1,,fixed,"1YR Warranty,2YR Warranty,3YR Warranty",,"0,50,86",fixed,0,,,0,0,,,
32516B,Warranty,radio,1,,fixed,"1YR Warranty,2YR Warranty,3YR Warranty",,"0,50,86",fixed,0,,,0,0,,,
32519Q,Warranty,radio,1,,fixed,"1YR Warranty,2YR Warranty,3YR Warranty",,"0,50,86",fixed,0,,,0,0,,,
32519B,Warranty,radio,1,,fixed,"1YR Warranty,2YR Warranty,3YR Warranty",,"0,50,86",fixed,0,,,0,0,,,
SAP301B,Warranty,radio,1,,fixed,"1YR Warranty,2YR Warranty,3YR Warranty",,"0,50,86",fixed,0,,,0,0,,,
SAP301W,Warranty,radio,1,,fixed,"1YR Warranty,2YR Warranty,3YR Warranty",,"0,50,86",fixed,0,,,0,0,,,
IS002-60,Warranty,radio,1,,fixed,"1YR Warranty,2YR Warranty,3YR Warranty",,"0,50,86",fixed,0,,,0,0,,,
IS002-90,Warranty,radio,1,,fixed,"1YR Warranty,2YR Warranty,3YR Warranty",,"0,50,86",fixed,0,,,0,0,,,
IS003-60,Warranty,radio,1,,fixed,"1YR Warranty,2YR Warranty,3YR Warranty",,"0,50,86",fixed,0,,,0,0,,,
IS003-90,Warranty,radio,1,,fixed,"1YR Warranty,2YR Warranty,3YR Warranty",,"0,50,86",fixed,0,,,0,0,,,
IS004-60,Warranty,radio,1,,fixed,"1YR Warranty,2YR Warranty,3YR Warranty",,"0,50,86",fixed,0,,,0,0,,,
IS004-90,Warranty,radio,1,,fixed,"1YR Warranty,2YR Warranty,3YR Warranty",,"0,50,86",fixed,0,,,0,0,,,
IS005-60,Warranty,radio,1,,fixed,"1YR Warranty,2YR Warranty,3YR Warranty",,"0,50,86",fixed,0,,,0,0,,,
IS005-90,Warranty,radio,1,,fixed,"1YR Warranty,2YR Warranty,3YR Warranty",,"0,50,86",fixed,0,,,0,0,,,
IS006-60,Warranty,radio,1,,fixed,"1YR Warranty,2YR Warranty,3YR Warranty",,"0,50,86",fixed,0,,,0,0,,,
IS006-90,Warranty,radio,1,,fixed,"1YR Warranty,2YR Warranty,3YR Warranty",,"0,50,86",fixed,0,,,0,0,,,
IS007-60,Warranty,radio,1,,fixed,"1YR Warranty,2YR Warranty,3YR Warranty",,"0,50,86",fixed,0,,,0,0,,,
IS007-90,Warranty,radio,1,,fixed,"1YR Warranty,2YR Warranty,3YR Warranty",,"0,50,86",fixed,0,,,0,0,,,
IS008-60,Warranty,radio,1,,fixed,"1YR Warranty,2YR Warranty,3YR Warranty",,"0,50,86",fixed,0,,,0,0,,,
IS008-90,Warranty,radio,1,,fixed,"1YR Warranty,2YR Warranty,3YR Warranty",,"0,50,86",fixed,0,,,0,0,,,
IS009-60,Warranty,radio,1,,fixed,"1YR Warranty,2YR Warranty,3YR Warranty",,"0,50,86",fixed,0,,,0,0,,,
IS009-90,Warranty,radio,1,,fixed,"1YR Warranty,2YR Warranty,3YR Warranty",,"0,50,86",fixed,0,,,0,0,,,
IS-VG008-60,Warranty,radio,1,,fixed,"1YR Warranty,2YR Warranty,3YR Warranty",,"0,50,86",fixed,0,,,0,0,,,
IS-VG008-90,Warranty,radio,1,,fixed,"1YR Warranty,2YR Warranty,3YR Warranty",,"0,50,86",fixed,0,,,0,0,,,
IS-VG002-60,Warranty,radio,1,,fixed,"1YR Warranty,2YR Warranty,3YR Warranty",,"0,50,86",fixed,0,,,0,0,,,
IS-VG002-90,Warranty,radio,1,,fixed,"1YR Warranty,2YR Warranty,3YR Warranty",,"0,50,86",fixed,0,,,0,0,,,
IS-VG023-60,Warranty,radio,1,,fixed,"1YR Warranty,2YR Warranty,3YR Warranty",,"0,50,86",fixed,0,,,0,0,,,
IS-VG023-90,Warranty,radio,1,,fixed,"1YR Warranty,2YR Warranty,3YR Warranty",,"0,50,86",fixed,0,,,0,0,,,
IS-JV001-60,Warranty,radio,1,,fixed,"1YR Warranty,2YR Warranty,3YR Warranty",,"0,50,86",fixed,0,,,0,0,,,
IS-JV001-90,Warranty,radio,1,,fixed,"1YR Warranty,2YR Warranty,3YR Warranty",,"0,50,86",fixed,0,,,0,0,,,
IS-GK006-60,Warranty,radio,1,,fixed,"1YR Warranty,2YR Warranty,3YR Warranty",,"0,50,86",fixed,0,,,0,0,,,
IS-GK006-90,Warranty,radio,1,,fixed,"1YR Warranty,2YR Warranty,3YR Warranty",,"0,50,86",fixed,0,,,0,0,,,
UR11-020,Warranty,radio,1,,fixed,"1YR Warranty,2YR Warranty,3YR Warranty",,"0,50,86",fixed,0,,,0,0,,,
UR11-019,Warranty,radio,1,,fixed,"1YR Warranty,2YR Warranty,3YR Warranty",,"0,50,86",fixed,0,,,0,0,,,
UR11-023,Warranty,radio,1,,fixed,"1YR Warranty,2YR Warranty,3YR Warranty",,"0,50,86",fixed,0,,,0,0,,,
UR11-017,Warranty,radio,1,,fixed,"1YR Warranty,2YR Warranty,3YR Warranty",,"0,50,86",fixed,0,,,0,0,,,
UR11-018,Warranty,radio,1,,fixed,"1YR Warranty,2YR Warranty,3YR Warranty",,"0,50,86",fixed,0,,,0,0,,,
UR11-021,Warranty,radio,1,,fixed,"1YR Warranty,2YR Warranty,3YR Warranty",,"0,50,86",fixed,0,,,0,0,,,
UR11-022,Warranty,radio,1,,fixed,"1YR Warranty,2YR Warranty,3YR Warranty",,"0,50,86",fixed,0,,,0,0,,,
UR11-025b,Warranty,radio,1,,fixed,"1YR Warranty,2YR Warranty,3YR Warranty",,"0,50,86",fixed,0,,,0,0,,,
UR11-012,Warranty,radio,1,,fixed,"1YR Warranty,2YR Warranty,3YR Warranty",,"0,50,86",fixed,0,,,0,0,,,
UR11-013,Warranty,radio,1,,fixed,"1YR Warranty,2YR Warranty,3YR Warranty",,"0,50,86",fixed,0,,,0,0,,,
UR11-014a,Warranty,radio,1,,fixed,"1YR Warranty,2YR Warranty,3YR Warranty",,"0,50,86",fixed,0,,,0,0,,,
UR11-014b,Warranty,radio,1,,fixed,"1YR Warranty,2YR Warranty,3YR Warranty",,"0,50,86",fixed,0,,,0,0,,,
UR11-015,Warranty,radio,1,,fixed,"1YR Warranty,2YR Warranty,3YR Warranty",,"0,50,86",fixed,0,,,0,0,,,
UR11-016,Warranty,radio,1,,fixed,"1YR Warranty,2YR Warranty,3YR Warranty",,"0,50,86",fixed,0,,,0,0,,,
UR11-008,Warranty,radio,1,,fixed,"1YR Warranty,2YR Warranty,3YR Warranty",,"0,50,86",fixed,0,,,0,0,,,
UR11-009,Warranty,radio,1,,fixed,"1YR Warranty,2YR Warranty,3YR Warranty",,"0,50,86",fixed,0,,,0,0,,,
28029,Warranty,radio,1,,fixed,"1YR Warranty,2YR Warranty,3YR Warranty",,"0,50,86",fixed,0,,,0,0,,,
JM8168,Warranty,radio,1,,fixed,"1YR Warranty,2YR Warranty,3YR Warranty",,"0,50,86",fixed,0,,,0,0,,,
5-570074,Warranty,radio,1,,fixed,"1YR Warranty,2YR Warranty,3YR Warranty",,"0,50,86",fixed,0,,,0,0,,,
JM8142,Warranty,radio,1,,fixed,"1YR Warranty,2YR Warranty,3YR Warranty",,"0,50,86",fixed,0,,,0,0,,,
3-695,Warranty,radio,1,,fixed,"1YR Warranty,2YR Warranty,3YR Warranty",,"0,50,86",fixed,0,,,0,0,,,
HMHR01,Warranty,radio,1,,fixed,"1YR Warranty,2YR Warranty,3YR Warranty",,"0,50,86",fixed,0,,,0,0,,,
3-935,Warranty,radio,1,,fixed,"1YR Warranty,2YR Warranty,3YR Warranty",,"0,50,86",fixed,0,,,0,0,,,
JM7026,Warranty,radio,1,,fixed,"1YR Warranty,2YR Warranty,3YR Warranty",,"0,50,86",fixed,0,,,0,0,,,
17032,Warranty,radio,1,,fixed,"1YR Warranty,2YR Warranty,3YR Warranty",,"0,50,86",fixed,0,,,0,0,,,
3-937,Warranty,radio,1,,fixed,"1YR Warranty,2YR Warranty,3YR Warranty",,"0,50,86",fixed,0,,,0,0,,,
M2605,Warranty,radio,1,,fixed,"1YR Warranty,2YR Warranty,3YR Warranty",,"0,50,86",fixed,0,,,0,0,,,
2-1003,Warranty,radio,1,,fixed,"1YR Warranty,2YR Warranty,3YR Warranty",,"0,50,86",fixed,0,,,0,0,,,
hr02,Warranty,radio,1,,fixed,"1YR Warranty,2YR Warranty,3YR Warranty",,"0,50,86",fixed,0,,,0,0,,,
SCF01,Warranty,radio,1,,fixed,"1YR Warranty,2YR Warranty,3YR Warranty",,"0,50,86",fixed,0,,,0,0,,,
3-698AB,Warranty,radio,1,,fixed,"1YR Warranty,2YR Warranty,3YR Warranty",,"0,50,86",fixed,0,,,0,0,,,
D01black,Warranty,radio,1,,fixed,"1YR Warranty,2YR Warranty,3YR Warranty",,"0,50,86",fixed,0,,,0,0,,,
HR01,Warranty,radio,1,,fixed,"1YR Warranty,2YR Warranty,3YR Warranty",,"0,50,86",fixed,0,,,0,0,,,
31-2029,Warranty,radio,1,,fixed,"1YR Warranty,2YR Warranty,3YR Warranty",,"0,50,86",fixed,0,,,0,0,,,
M2149brown,Warranty,radio,1,,fixed,"1YR Warranty,2YR Warranty,3YR Warranty",,"0,50,86",fixed,0,,,0,0,,,
M2149white,Warranty,radio,1,,fixed,"1YR Warranty,2YR Warranty,3YR Warranty",,"0,50,86",fixed,0,,,0,0,,,
PSC001,Warranty,radio,1,,fixed,"1YR Warranty,2YR Warranty,3YR Warranty",,"0,50,86",fixed,0,,,0,0,,,
PSC002,Warranty,radio,1,,fixed,"1YR Warranty,2YR Warranty,3YR Warranty",,"0,50,86",fixed,0,,,0,0,,,
PSC003,Warranty,radio,1,,fixed,"1YR Warranty,2YR Warranty,3YR Warranty",,"0,50,86",fixed,0,,,0,0,,,
PSC004,Warranty,radio,1,,fixed,"1YR Warranty,2YR Warranty,3YR Warranty",,"0,50,86",fixed,0,,,0,0,,,
PSC005,Warranty,radio,1,,fixed,"1YR Warranty,2YR Warranty,3YR Warranty",,"0,50,86",fixed,0,,,0,0,,,
PSC006,Warranty,radio,1,,fixed,"1YR Warranty,2YR Warranty,3YR Warranty",,"0,50,86",fixed,0,,,0,0,,,
PSHS001,Warranty,radio,1,,fixed,"1YR Warranty,2YR Warranty,3YR Warranty",,"0,50,86",fixed,0,,,0,0,,,
PSHS002,Warranty,radio,1,,fixed,"1YR Warranty,2YR Warranty,3YR Warranty",,"0,50,86",fixed,0,,,0,0,,,
PSHS003,Warranty,radio,1,,fixed,"1YR Warranty,2YR Warranty,3YR Warranty",,"0,50,86",fixed,0,,,0,0,,,
PSHS004,Warranty,radio,1,,fixed,"1YR Warranty,2YR Warranty,3YR Warranty",,"0,50,86",fixed,0,,,0,0,,,
PSHS005,Warranty,radio,1,,fixed,"1YR Warranty,2YR Warranty,3YR Warranty",,"0,50,86",fixed,0,,,0,0,,,
PSHS006,Warranty,radio,1,,fixed,"1YR Warranty,2YR Warranty,3YR Warranty",,"0,50,86",fixed,0,,,0,0,,,
PSBB001,Warranty,radio,1,,fixed,"1YR Warranty,2YR Warranty,3YR Warranty",,"0,50,86",fixed,0,,,0,0,,,
PSBB002,Warranty,radio,1,,fixed,"1YR Warranty,2YR Warranty,3YR Warranty",,"0,50,86",fixed,0,,,0,0,,,
PSBB003,Warranty,radio,1,,fixed,"1YR Warranty,2YR Warranty,3YR Warranty",,"0,50,86",fixed,0,,,0,0,,,
PSBB004,Warranty,radio,1,,fixed,"1YR Warranty,2YR Warranty,3YR Warranty",,"0,50,86",fixed,0,,,0,0,,,
NHO001,Warranty,radio,1,,fixed,"1YR Warranty,2YR Warranty,3YR Warranty",,"0,50,86",fixed,0,,,0,0,,,
NHO002,Warranty,radio,1,,fixed,"1YR Warranty,2YR Warranty,3YR Warranty",,"0,50,86",fixed,0,,,0,0,,,
NHO003,Warranty,radio,1,,fixed,"1YR Warranty,2YR Warranty,3YR Warranty",,"0,50,86",fixed,0,,,0,0,,,
NHB001,Warranty,radio,1,,fixed,"1YR Warranty,2YR Warranty,3YR Warranty",,"0,50,86",fixed,0,,,0,0,,,
NHB002,Warranty,radio,1,,fixed,"1YR Warranty,2YR Warranty,3YR Warranty",,"0,50,86",fixed,0,,,0,0,,,
NHB003,Warranty,radio,1,,fixed,"1YR Warranty,2YR Warranty,3YR Warranty",,"0,50,86",fixed,0,,,0,0,,,
NHB004,Warranty,radio,1,,fixed,"1YR Warranty,2YR Warranty,3YR Warranty",,"0,50,86",fixed,0,,,0,0,,,
ELM003,Warranty,radio,1,,fixed,"1YR Warranty,2YR Warranty,3YR Warranty",,"0,50,86",fixed,0,,,0,0,,,
INF001,Warranty,radio,1,,fixed,"1YR Warranty,2YR Warranty,3YR Warranty",,"0,50,86",fixed,0,,,0,0,,,
INF002,Warranty,radio,1,,fixed,"1YR Warranty,2YR Warranty,3YR Warranty",,"0,50,86",fixed,0,,,0,0,,,
INF003,Warranty,radio,1,,fixed,"1YR Warranty,2YR Warranty,3YR Warranty",,"0,50,86",fixed,0,,,0,0,,,
INF004,Warranty,radio,1,,fixed,"1YR Warranty,2YR Warranty,3YR Warranty",,"0,50,86",fixed,0,,,0,0,,,
MSTDCBKA,Warranty,radio,1,,fixed,"1YR Warranty,2YR Warranty,3YR Warranty",,"0,50,86",fixed,0,,,0,0,,,
MSTDCRDA,Warranty,radio,1,,fixed,"1YR Warranty,2YR Warranty,3YR Warranty",,"0,50,86",fixed,0,,,0,0,,,
MSTDCWHA,Warranty,radio,1,,fixed,"1YR Warranty,2YR Warranty,3YR Warranty",,"0,50,86",fixed,0,,,0,0,,,
UK-ANEOMBKL,Warranty,radio,1,,fixed,"1YR Warranty,2YR Warranty,3YR Warranty",,"0,50,86",fixed,0,,,0,0,,,
UK-ANMOMBKM,Warranty,radio,1,,fixed,"1YR Warranty,2YR Warranty,3YR Warranty",,"0,50,86",fixed,0,,,0,0,,,
UK-ANMOHBKM,Warranty,radio,1,,fixed,"1YR Warranty,2YR Warranty,3YR Warranty",,"0,50,86",fixed,0,,,0,0,,,
UK-YSEMMGRF,Warranty,radio,1,,fixed,"1YR Warranty,2YR Warranty,3YR Warranty",,"0,50,86",fixed,0,,,0,0,,,
UK-YSMCLBKM,Warranty,radio,1,,fixed,"1YR Warranty,2YR Warranty,3YR Warranty",,"0,50,86",fixed,0,,,0,0,,,
UK-YSMCHBKM,Warranty,radio,1,,fixed,"1YR Warranty,2YR Warranty,3YR Warranty",,"0,50,86",fixed,0,,,0,0,,,
UK-YSMCLWHM,Warranty,radio,1,,fixed,"1YR Warranty,2YR Warranty,3YR Warranty",,"0,50,86",fixed,0,,,0,0,,,
UK-YSMCHWHM,Warranty,radio,1,,fixed,"1YR Warranty,2YR Warranty,3YR Warranty",,"0,50,86",fixed,0,,,0,0,,,
UK-ZSSLPBLC,Warranty,radio,1,,fixed,"1YR Warranty,2YR Warranty,3YR Warranty",,"0,50,86",fixed,0,,,0,0,,,
UK-ZSSLPGRC,Warranty,radio,1,,fixed,"1YR Warranty,2YR Warranty,3YR Warranty",,"0,50,86",fixed,0,,,0,0,,,
UK-ANBRDBKL,Warranty,radio,1,,fixed,"1YR Warranty,2YR Warranty,3YR Warranty",,"0,50,86",fixed,0,,,0,0,,,
UK-YSESPHBKL,Warranty,radio,1,,fixed,"1YR Warranty,2YR Warranty,3YR Warranty",,"0,50,86",fixed,0,,,0,0,,,
UK-YSESPBKL,Warranty,radio,1,,fixed,"1YR Warranty,2YR Warranty,3YR Warranty",,"0,50,86",fixed,0,,,0,0,,,
UK-YSEMHBKL,Warranty,radio,1,,fixed,"1YR Warranty,2YR Warranty,3YR Warranty",,"0,50,86",fixed,0,,,0,0,,,
UK-YSEMOBKL,Warranty,radio,1,,fixed,"1YR Warranty,2YR Warranty,3YR Warranty",,"0,50,86",fixed,0,,,0,0,,,
UK-YSEMOBRL,Warranty,radio,1,,fixed,"1YR Warranty,2YR Warranty,3YR Warranty",,"0,50,86",fixed,0,,,0,0,,,
UK-YSEMORDL,Warranty,radio,1,,fixed,"1YR Warranty,2YR Warranty,3YR Warranty",,"0,50,86",fixed,0,,,0,0,,,
UK-YSESPWHL,Warranty,radio,1,,fixed,"1YR Warranty,2YR Warranty,3YR Warranty",,"0,50,86",fixed,0,,,0,0,,,
UK-YSEMOWHL,Warranty,radio,1,,fixed,"1YR Warranty,2YR Warranty,3YR Warranty",,"0,50,86",fixed,0,,,0,0,,,
UK-YSEMHWHL,Warranty,radio,1,,fixed,"1YR Warranty,2YR Warranty,3YR Warranty",,"0,50,86",fixed,0,,,0,0,,,
UK-YSEMOAQL,Warranty,radio,1,,fixed,"1YR Warranty,2YR Warranty,3YR Warranty",,"0,50,86",fixed,0,,,0,0,,,
UK-YSEMOLGL,Warranty,radio,1,,fixed,"1YR Warranty,2YR Warranty,3YR Warranty",,"0,50,86",fixed,0,,,0,0,,,
UK-YSEMOOGL,Warranty,radio,1,,fixed,"1YR Warranty,2YR Warranty,3YR Warranty",,"0,50,86",fixed,0,,,0,0,,,
UK-YSEMOPKL,Warranty,radio,1,,fixed,"1YR Warranty,2YR Warranty,3YR Warranty",,"0,50,86",fixed,0,,,0,0,,,
UK-YSEMOYLL,Warranty,radio,1,,fixed,"1YR Warranty,2YR Warranty,3YR Warranty",,"0,50,86",fixed,0,,,0,0,,,
UK-HIELOBKL,Warranty,radio,1,,fixed,"1YR Warranty,2YR Warranty,3YR Warranty",,"0,50,86",fixed,0,,,0,0,,,
UK-YSELOBKL,Warranty,radio,1,,fixed,"1YR Warranty,2YR Warranty,3YR Warranty",,"0,50,86",fixed,0,,,0,0,,,
UK-ANEOABKA,Warranty,radio,1,,fixed,"1YR Warranty,2YR Warranty,3YR Warranty",,"0,50,86",fixed,0,,,0,0,,,
UK-ANENOBKA,Warranty,radio,1,,fixed,"1YR Warranty,2YR Warranty,3YR Warranty",,"0,50,86",fixed,0,,,0,0,,,
UK-ZSSLDBLM,Warranty,radio,1,,fixed,"1YR Warranty,2YR Warranty,3YR Warranty",,"0,50,86",fixed,0,,,0,0,,,
UK-ZSSLABKM,Warranty,radio,1,,fixed,"1YR Warranty,2YR Warranty,3YR Warranty",,"0,50,86",fixed,0,,,0,0,,,
UK-ZSSLDBKF,Warranty,radio,1,,fixed,"1YR Warranty,2YR Warranty,3YR Warranty",,"0,50,86",fixed,0,,,0,0,,,
UK-FRELCBKL,Warranty,radio,1,,fixed,"1YR Warranty,2YR Warranty,3YR Warranty",,"0,50,86",fixed,0,,,0,0,,,
UK-FRELCBLL,Warranty,radio,1,,fixed,"1YR Warranty,2YR Warranty,3YR Warranty",,"0,50,86",fixed,0,,,0,0,,,
UK-FRELCDKL,Warranty,radio,1,,fixed,"1YR Warranty,2YR Warranty,3YR Warranty",,"0,50,86",fixed,0,,,0,0,,,
UK-FRELCRDL,Warranty,radio,1,,fixed,"1YR Warranty,2YR Warranty,3YR Warranty",,"0,50,86",fixed,0,,,0,0,,,
UK-HUSOFDGC,Warranty,radio,1,,fixed,"1YR Warranty,2YR Warranty,3YR Warranty",,"0,50,86",fixed,0,,,0,0,,,
UK-ADWISNTT,Warranty,radio,1,,fixed,"1YR Warranty,2YR Warranty,3YR Warranty",,"0,50,86",fixed,0,,,0,0,,,
UK-ADESOLBF,Warranty,radio,1,,fixed,"1YR Warranty,2YR Warranty,3YR Warranty",,"0,50,86",fixed,0,,,0,0,,,
UK-ADESODBF,Warranty,radio,1,,fixed,"1YR Warranty,2YR Warranty,3YR Warranty",,"0,50,86",fixed,0,,,0,0,,,
UK-ADESOWHF,Warranty,radio,1,,fixed,"1YR Warranty,2YR Warranty,3YR Warranty",,"0,50,86",fixed,0,,,0,0,,,
UK-ADMADBKP,Warranty,radio,1,,fixed,"1YR Warranty,2YR Warranty,3YR Warranty",,"0,50,86",fixed,0,,,0,0,,,
UK-ADMADWHP,Warranty,radio,1,,fixed,"1YR Warranty,2YR Warranty,3YR Warranty",,"0,50,86",fixed,0,,,0,0,,,
UK-ADMADMLP,Warranty,radio,1,,fixed,"1YR Warranty,2YR Warranty,3YR Warranty",,"0,50,86",fixed,0,,,0,0,,,
UK-HIOECRDA,Warranty,radio,1,,fixed,"1YR Warranty,2YR Warranty,3YR Warranty",,"0,50,86",fixed,0,,,0,0,,,
UK-HIBALRDC,Warranty,radio,1,,fixed,"1YR Warranty,2YR Warranty,3YR Warranty",,"0,50,86",fixed,0,,,0,0,,,
UK-HUELCWHF,Warranty,radio,1,,fixed,"1YR Warranty,2YR Warranty,3YR Warranty",,"0,50,86",fixed,0,,,0,0,,,
UK-GFPKCSTS,Warranty,radio,1,,fixed,"1YR Warranty,2YR Warranty,3YR Warranty",,"0,50,86",fixed,0,,,0,0,,,
UK-GFNESBKS,Warranty,radio,1,,fixed,"1YR Warranty,2YR Warranty,3YR Warranty",,"0,50,86",fixed,0,,,0,0,,,
UK-GFBCTSTS,Warranty,radio,1,,fixed,"1YR Warranty,2YR Warranty,3YR Warranty",,"0,50,86",fixed,0,,,0,0,,,
UK-GFESTBKS,Warranty,radio,1,,fixed,"1YR Warranty,2YR Warranty,3YR Warranty",,"0,50,86",fixed,0,,,0,0,,,
UK-GFESTSTS,Warranty,radio,1,,fixed,"1YR Warranty,2YR Warranty,3YR Warranty",,"0,50,86",fixed,0,,,0,0,,,
UK-GFNOGBKG,Warranty,radio,1,,fixed,"1YR Warranty,2YR Warranty,3YR Warranty",,"0,50,86",fixed,0,,,0,0,,,
UK-GFNOGNTG,Warranty,radio,1,,fixed,"1YR Warranty,2YR Warranty,3YR Warranty",,"0,50,86",fixed,0,,,0,0,,,
UK-GFNOGWNG,Warranty,radio,1,,fixed,"1YR Warranty,2YR Warranty,3YR Warranty",,"0,50,86",fixed,0,,,0,0,,,
UK-GFNOGWHG,Warranty,radio,1,,fixed,"1YR Warranty,2YR Warranty,3YR Warranty",,"0,50,86",fixed,0,,,0,0,,,
UK-YSBBHBKL,Warranty,radio,1,,fixed,"1YR Warranty,2YR Warranty,3YR Warranty",,"0,50,86",fixed,0,,,0,0,,,
UK-YSBBHWHL,Warranty,radio,1,,fixed,"1YR Warranty,2YR Warranty,3YR Warranty",,"0,50,86",fixed,0,,,0,0,,,
UK-YSBDBBKL,Warranty,radio,1,,fixed,"1YR Warranty,2YR Warranty,3YR Warranty",,"0,50,86",fixed,0,,,0,0,,,
UK-YSBDBWHL,Warranty,radio,1,,fixed,"1YR Warranty,2YR Warranty,3YR Warranty",,"0,50,86",fixed,0,,,0,0,,,
UK-HUSWCBKL,Warranty,radio,1,,fixed,"1YR Warranty,2YR Warranty,3YR Warranty",,"0,50,86",fixed,0,,,0,0,,,
UK-FRSPOBKL,Warranty,radio,1,,fixed,"1YR Warranty,2YR Warranty,3YR Warranty",,"0,50,86",fixed,0,,,0,0,,,
UK-FREMOBKL,Warranty,radio,1,,fixed,"1YR Warranty,2YR Warranty,3YR Warranty",,"0,50,86",fixed,0,,,0,0,,,
UK-HUEGGBKL,Warranty,radio,1,,fixed,"1YR Warranty,2YR Warranty,3YR Warranty",,"0,50,86",fixed,0,,,0,0,,,
UK-YSBACBKL,Warranty,radio,1,,fixed,"1YR Warranty,2YR Warranty,3YR Warranty",,"0,50,86",fixed,0,,,0,0,,,
UK-YSBACBKP,Warranty,radio,1,,fixed,"1YR Warranty,2YR Warranty,3YR Warranty",,"0,50,86",fixed,0,,,0,0,,,
UK-HUSWCRDL,Warranty,radio,1,,fixed,"1YR Warranty,2YR Warranty,3YR Warranty",,"0,50,86",fixed,0,,,0,0,,,
UK-HUEGGRDL,Warranty,radio,1,,fixed,"1YR Warranty,2YR Warranty,3YR Warranty",,"0,50,86",fixed,0,,,0,0,,,
UK-YSBACRDL,Warranty,radio,1,,fixed,"1YR Warranty,2YR Warranty,3YR Warranty",,"0,50,86",fixed,0,,,0,0,,,
UK-HUSWCWHL,Warranty,radio,1,,fixed,"1YR Warranty,2YR Warranty,3YR Warranty",,"0,50,86",fixed,0,,,0,0,,,
UK-HUEGGWHL,Warranty,radio,1,,fixed,"1YR Warranty,2YR Warranty,3YR Warranty",,"0,50,86",fixed,0,,,0,0,,,
UK-YSBACWHL,Warranty,radio,1,,fixed,"1YR Warranty,2YR Warranty,3YR Warranty",,"0,50,86",fixed,0,,,0,0,,,
UK-YSBACWHP,Warranty,radio,1,,fixed,"1YR Warranty,2YR Warranty,3YR Warranty",,"0,50,86",fixed,0,,,0,0,,,
UK-YSBRNBKP,Warranty,radio,1,,fixed,"1YR Warranty,2YR Warranty,3YR Warranty",,"0,50,86",fixed,0,,,0,0,,,
UK-YSBAOBKL,Warranty,radio,1,,fixed,"1YR Warranty,2YR Warranty,3YR Warranty",,"0,50,86",fixed,0,,,0,0,,,
UK-YSBAOWHL,Warranty,radio,1,,fixed,"1YR Warranty,2YR Warranty,3YR Warranty",,"0,50,86",fixed,0,,,0,0,,,
UK-YSLCOBKL,Warranty,radio,1,,fixed,"1YR Warranty,2YR Warranty,3YR Warranty",,"0,50,86",fixed,0,,,0,0,,,
UK-YSLCOWHL,Warranty,radio,1,,fixed,"1YR Warranty,2YR Warranty,3YR Warranty",,"0,50,86",fixed,0,,,0,0,,,
UK-YSFK1BKL,Warranty,radio,1,,fixed,"1YR Warranty,2YR Warranty,3YR Warranty",,"0,50,86",fixed,0,,,0,0,,,
UK-YSFK1WHL,Warranty,radio,1,,fixed,"1YR Warranty,2YR Warranty,3YR Warranty",,"0,50,86",fixed,0,,,0,0,,,
UK-YSLC1BKL,Warranty,radio,1,,fixed,"1YR Warranty,2YR Warranty,3YR Warranty",,"0,50,86",fixed,0,,,0,0,,,
UK-YSLC3BKL,Warranty,radio,1,,fixed,"1YR Warranty,2YR Warranty,3YR Warranty",,"0,50,86",fixed,0,,,0,0,,,
UK-YSLC2BKL,Warranty,radio,1,,fixed,"1YR Warranty,2YR Warranty,3YR Warranty",,"0,50,86",fixed,0,,,0,0,,,
UK-YSFK3BKL,Warranty,radio,1,,fixed,"1YR Warranty,2YR Warranty,3YR Warranty",,"0,50,86",fixed,0,,,0,0,,,
UK-YSFK2BKL,Warranty,radio,1,,fixed,"1YR Warranty,2YR Warranty,3YR Warranty",,"0,50,86",fixed,0,,,0,0,,,
UK-YSBA3BKL,Warranty,radio,1,,fixed,"1YR Warranty,2YR Warranty,3YR Warranty",,"0,50,86",fixed,0,,,0,0,,,
UK-YSBA2BKL,Warranty,radio,1,,fixed,"1YR Warranty,2YR Warranty,3YR Warranty",,"0,50,86",fixed,0,,,0,0,,,
UK-YSLC1WHL,Warranty,radio,1,,fixed,"1YR Warranty,2YR Warranty,3YR Warranty",,"0,50,86",fixed,0,,,0,0,,,
UK-YSLC3WHL,Warranty,radio,1,,fixed,"1YR Warranty,2YR Warranty,3YR Warranty",,"0,50,86",fixed,0,,,0,0,,,
UK-YSLC2WHL,Warranty,radio,1,,fixed,"1YR Warranty,2YR Warranty,3YR Warranty",,"0,50,86",fixed,0,,,0,0,,,
UK-YSFK3WHL,Warranty,radio,1,,fixed,"1YR Warranty,2YR Warranty,3YR Warranty",,"0,50,86",fixed,0,,,0,0,,,
UK-YSFK2WHL,Warranty,radio,1,,fixed,"1YR Warranty,2YR Warranty,3YR Warranty",,"0,50,86",fixed,0,,,0,0,,,
UK-YSBA3WHL,Warranty,radio,1,,fixed,"1YR Warranty,2YR Warranty,3YR Warranty",,"0,50,86",fixed,0,,,0,0,,,
UK-YSBA2WHL,Warranty,radio,1,,fixed,"1YR Warranty,2YR Warranty,3YR Warranty",,"0,50,86",fixed,0,,,0,0,,,
UK-FRELCXBL,Warranty,radio,1,,fixed,"1YR Warranty,2YR Warranty,3YR Warranty",,"0,50,86",fixed,0,,,0,0,,,
UK-FRELCXCL,Warranty,radio,1,,fixed,"1YR Warranty,2YR Warranty,3YR Warranty",,"0,50,86",fixed,0,,,0,0,,,
UK-MSTBSBKA,Warranty,radio,1,,fixed,"1YR Warranty,2YR Warranty,3YR Warranty",,"0,50,86",fixed,0,,,0,0,,,
UK-KITBSBLA,Warranty,radio,1,,fixed,"1YR Warranty,2YR Warranty,3YR Warranty",,"0,50,86",fixed,0,,,0,0,,,
UK-MSTB7GVA,Warranty,radio,1,,fixed,"1YR Warranty,2YR Warranty,3YR Warranty",,"0,50,86",fixed,0,,,0,0,,,
UK-MSTBSGVA,Warranty,radio,1,,fixed,"1YR Warranty,2YR Warranty,3YR Warranty",,"0,50,86",fixed,0,,,0,0,,,
UK-MSTB4GVA,Warranty,radio,1,,fixed,"1YR Warranty,2YR Warranty,3YR Warranty",,"0,50,86",fixed,0,,,0,0,,,
UK-KITBSRDA,Warranty,radio,1,,fixed,"1YR Warranty,2YR Warranty,3YR Warranty",,"0,50,86",fixed,0,,,0,0,,,
UK-MSTBSWHA,Warranty,radio,1,,fixed,"1YR Warranty,2YR Warranty,3YR Warranty",,"0,50,86",fixed,0,,,0,0,,,
UK-KITBSYLA,Warranty,radio,1,,fixed,"1YR Warranty,2YR Warranty,3YR Warranty",,"0,50,86",fixed,0,,,0,0,,,
UK-KITDCGVA,Warranty,radio,1,,fixed,"1YR Warranty,2YR Warranty,3YR Warranty",,"0,50,86",fixed,0,,,0,0,,,
UK-ADFOLWHM,Warranty,radio,1,,fixed,"1YR Warranty,2YR Warranty,3YR Warranty",,"0,50,86",fixed,0,,,0,0,,,
UK-KIDSWBKW,Warranty,radio,1,,fixed,"1YR Warranty,2YR Warranty,3YR Warranty",,"0,50,86",fixed,0,,,0,0,,,
UK-KIDSRRDP,Warranty,radio,1,,fixed,"1YR Warranty,2YR Warranty,3YR Warranty",,"0,50,86",fixed,0,,,0,0,,,
UK-KIDSWWHW,Warranty,radio,1,,fixed,"1YR Warranty,2YR Warranty,3YR Warranty",,"0,50,86",fixed,0,,,0,0,,,
UK-KIDSRWHP,Warranty,radio,1,,fixed,"1YR Warranty,2YR Warranty,3YR Warranty",,"0,50,86",fixed,0,,,0,0,,,
UK-KIAACWHP,Warranty,radio,1,,fixed,"1YR Warranty,2YR Warranty,3YR Warranty",,"0,50,86",fixed,0,,,0,0,,,
UK-ADGHABKP,Warranty,radio,1,,fixed,"1YR Warranty,2YR Warranty,3YR Warranty",,"0,50,86",fixed,0,,,0,0,,,
UK-ADGHSCLP,Warranty,radio,1,,fixed,"1YR Warranty,2YR Warranty,3YR Warranty",,"0,50,86",fixed,0,,,0,0,,,
UK-ADGHACLP,Warranty,radio,1,,fixed,"1YR Warranty,2YR Warranty,3YR Warranty",,"0,50,86",fixed,0,,,0,0,,,
UK-ADROCWHP,Warranty,radio,1,,fixed,"1YR Warranty,2YR Warranty,3YR Warranty",,"0,50,86",fixed,0,,,0,0,,,
UK-ALSHRBEP,Warranty,radio,1,,fixed,"1YR Warranty,2YR Warranty,3YR Warranty",,"0,50,86",fixed,0,,,0,0,,,
UK-ALSHRWBP,Warranty,radio,1,,fixed,"1YR Warranty,2YR Warranty,3YR Warranty",,"0,50,86",fixed,0,,,0,0,,,
UK-ALSHRWHP,Warranty,radio,1,,fixed,"1YR Warranty,2YR Warranty,3YR Warranty",,"0,50,86",fixed,0,,,0,0,,,
UK-ALSHRWHB,Warranty,radio,1,,fixed,"1YR Warranty,2YR Warranty,3YR Warranty",,"0,50,86",fixed,0,,,0,0,,,
UK-JIPISBKP,Warranty,radio,1,,fixed,"1YR Warranty,2YR Warranty,3YR Warranty",,"0,50,86",fixed,0,,,0,0,,,
UK-JICOMBKP,Warranty,radio,1,,fixed,"1YR Warranty,2YR Warranty,3YR Warranty",,"0,50,86",fixed,0,,,0,0,,,
UK-YSCHABKP,Warranty,radio,1,,fixed,"1YR Warranty,2YR Warranty,3YR Warranty",,"0,50,86",fixed,0,,,0,0,,,
UK-YSBAOBKP,Warranty,radio,1,,fixed,"1YR Warranty,2YR Warranty,3YR Warranty",,"0,50,86",fixed,0,,,0,0,,,
UK-YSBAOWHP,Warranty,radio,1,,fixed,"1YR Warranty,2YR Warranty,3YR Warranty",,"0,50,86",fixed,0,,,0,0,,,
UK-ANTUBBKP,Warranty,radio,1,,fixed,"1YR Warranty,2YR Warranty,3YR Warranty",,"0,50,86",fixed,0,,,0,0,,,
UK-ANTUBBLP,Warranty,radio,1,,fixed,"1YR Warranty,2YR Warranty,3YR Warranty",,"0,50,86",fixed,0,,,0,0,,,
UK-ANTUBWHP,Warranty,radio,1,,fixed,"1YR Warranty,2YR Warranty,3YR Warranty",,"0,50,86",fixed,0,,,0,0,,,
UK-YSELCXBP,Warranty,radio,1,,fixed,"1YR Warranty,2YR Warranty,3YR Warranty",,"0,50,86",fixed,0,,,0,0,,,
UK-YSELCXCP,Warranty,radio,1,,fixed,"1YR Warranty,2YR Warranty,3YR Warranty",,"0,50,86",fixed,0,,,0,0,,,
UK-HDRD7BKW,Warranty,radio,1,,fixed,"1YR Warranty,2YR Warranty,3YR Warranty",,"0,50,86",fixed,0,,,0,0,,,
UK-HDRB5BKW,Warranty,radio,1,,fixed,"1YR Warranty,2YR Warranty,3YR Warranty",,"0,50,86",fixed,0,,,0,0,,,
UK-HDW4PBKW,Warranty,radio,1,,fixed,"1YR Warranty,2YR Warranty,3YR Warranty",,"0,50,86",fixed,0,,,0,0,,,
UK-HD5DCBKW,Warranty,radio,1,,fixed,"1YR Warranty,2YR Warranty,3YR Warranty",,"0,50,86",fixed,0,,,0,0,,,
UK-HDPATBKW,Warranty,radio,1,,fixed,"1YR Warranty,2YR Warranty,3YR Warranty",,"0,50,86",fixed,0,,,0,0,,,
UK-HDWHCBKW,Warranty,radio,1,,fixed,"1YR Warranty,2YR Warranty,3YR Warranty",,"0,50,86",fixed,0,,,0,0,,,
UK-HDW3PBKG,Warranty,radio,1,,fixed,"1YR Warranty,2YR Warranty,3YR Warranty",,"0,50,86",fixed,0,,,0,0,,,
UK-HDW5PBKW,Warranty,radio,1,,fixed,"1YR Warranty,2YR Warranty,3YR Warranty",,"0,50,86",fixed,0,,,0,0,,,
UK-HDT6PBKW,Warranty,radio,1,,fixed,"1YR Warranty,2YR Warranty,3YR Warranty",,"0,50,86",fixed,0,,,0,0,,,
UK-HDGS3BKW,Warranty,radio,1,,fixed,"1YR Warranty,2YR Warranty,3YR Warranty",,"0,50,86",fixed,0,,,0,0,,,
UK-HDWCSBKW,Warranty,radio,1,,fixed,"1YR Warranty,2YR Warranty,3YR Warranty",,"0,50,86",fixed,0,,,0,0,,,
UK-HDWLCBKW,Warranty,radio,1,,fixed,"1YR Warranty,2YR Warranty,3YR Warranty",,"0,50,86",fixed,0,,,0,0,,,
UK-HDW3PNTG,Warranty,radio,1,,fixed,"1YR Warranty,2YR Warranty,3YR Warranty",,"0,50,86",fixed,0,,,0,0,,,
UK-HDW5PNTW,Warranty,radio,1,,fixed,"1YR Warranty,2YR Warranty,3YR Warranty",,"0,50,86",fixed,0,,,0,0,,,
UK-HDWHCWHW,Warranty,radio,1,,fixed,"1YR Warranty,2YR Warranty,3YR Warranty",,"0,50,86",fixed,0,,,0,0,,,
UK-HDRLSBKW,Warranty,radio,1,,fixed,"1YR Warranty,2YR Warranty,3YR Warranty",,"0,50,86",fixed,0,,,0,0,,,
UK-HDRSBBKW,Warranty,radio,1,,fixed,"1YR Warranty,2YR Warranty,3YR Warranty",,"0,50,86",fixed,0,,,0,0,,,
UK-HDFP3BRW,Warranty,radio,1,,fixed,"1YR Warranty,2YR Warranty,3YR Warranty",,"0,50,86",fixed,0,,,0,0,,,
UK-HDFP3BKW,Warranty,radio,1,,fixed,"1YR Warranty,2YR Warranty,3YR Warranty",,"0,50,86",fixed,0,,,0,0,,,
UK-HOFLSOAP,Warranty,radio,1,,fixed,"1YR Warranty,2YR Warranty,3YR Warranty",,"0,50,86",fixed,0,,,0,0,,,
UK-HOFLCOAP,Warranty,radio,1,,fixed,"1YR Warranty,2YR Warranty,3YR Warranty",,"0,50,86",fixed,0,,,0,0,,,
UK-HOQDRMPP,Warranty,radio,1,,fixed,"1YR Warranty,2YR Warranty,3YR Warranty",,"0,50,86",fixed,0,,,0,0,,,
UK-HOQDOMPP,Warranty,radio,1,,fixed,"1YR Warranty,2YR Warranty,3YR Warranty",,"0,50,86",fixed,0,,,0,0,,,
UK-HOQ44MPP,Warranty,radio,1,,fixed,"1YR Warranty,2YR Warranty,3YR Warranty",,"0,50,86",fixed,0,,,0,0,,,
UK-HOQ42MPP,Warranty,radio,1,,fixed,"1YR Warranty,2YR Warranty,3YR Warranty",,"0,50,86",fixed,0,,,0,0,,,
UK-HOQ22MPP,Warranty,radio,1,,fixed,"1YR Warranty,2YR Warranty,3YR Warranty",,"0,50,86",fixed,0,,,0,0,,,
UK-HOQDRWLP,Warranty,radio,1,,fixed,"1YR Warranty,2YR Warranty,3YR Warranty",,"0,50,86",fixed,0,,,0,0,,,
UK-HOQDOWLP,Warranty,radio,1,,fixed,"1YR Warranty,2YR Warranty,3YR Warranty",,"0,50,86",fixed,0,,,0,0,,,
UK-HOQ44WLP,Warranty,radio,1,,fixed,"1YR Warranty,2YR Warranty,3YR Warranty",,"0,50,86",fixed,0,,,0,0,,,
UK-HOQ42WLP,Warranty,radio,1,,fixed,"1YR Warranty,2YR Warranty,3YR Warranty",,"0,50,86",fixed,0,,,0,0,,,
UK-HOQ22WLP,Warranty,radio,1,,fixed,"1YR Warranty,2YR Warranty,3YR Warranty",,"0,50,86",fixed,0,,,0,0,,,
UK-HOQDRWHP,Warranty,radio,1,,fixed,"1YR Warranty,2YR Warranty,3YR Warranty",,"0,50,86",fixed,0,,,0,0,,,
UK-HOQDOWHP,Warranty,radio,1,,fixed,"1YR Warranty,2YR Warranty,3YR Warranty",,"0,50,86",fixed,0,,,0,0,,,
UK-HOQ44WHP,Warranty,radio,1,,fixed,"1YR Warranty,2YR Warranty,3YR Warranty",,"0,50,86",fixed,0,,,0,0,,,
UK-HOQ42WHP,Warranty,radio,1,,fixed,"1YR Warranty,2YR Warranty,3YR Warranty",,"0,50,86",fixed,0,,,0,0,,,
UK-HOQ22WHP,Warranty,radio,1,,fixed,"1YR Warranty,2YR Warranty,3YR Warranty",,"0,50,86",fixed,0,,,0,0,,,
UK-HIECTNTP,Warranty,radio,1,,fixed,"1YR Warranty,2YR Warranty,3YR Warranty",,"0,50,86",fixed,0,,,0,0,,,
UK-MSSTDDBT,Warranty,radio,1,,fixed,"1YR Warranty,2YR Warranty,3YR Warranty",,"0,50,86",fixed,0,,,0,0,,,
UK-YSAJ7BKP,Warranty,radio,1,,fixed,"1YR Warranty,2YR Warranty,3YR Warranty",,"0,50,86",fixed,0,,,0,0,,,
UK-YSAJ7NTP,Warranty,radio,1,,fixed,"1YR Warranty,2YR Warranty,3YR Warranty",,"0,50,86",fixed,0,,,0,0,,,
UK-YSAJ7WHP,Warranty,radio,1,,fixed,"1YR Warranty,2YR Warranty,3YR Warranty",,"0,50,86",fixed,0,,,0,0,,,
UK-ADNGDWHS,Warranty,radio,1,,fixed,"1YR Warranty,2YR Warranty,3YR Warranty",,"0,50,86",fixed,0,,,0,0,,,
UK-ADWIBWHT,Warranty,radio,1,,fixed,"1YR Warranty,2YR Warranty,3YR Warranty",,"0,50,86",fixed,0,,,0,0,,,
UK-ADWIWBKT,Warranty,radio,1,,fixed,"1YR Warranty,2YR Warranty,3YR Warranty",,"0,50,86",fixed,0,,,0,0,,,
UK-HUSWCBKW,Warranty,radio,1,,fixed,"1YR Warranty,2YR Warranty,3YR Warranty",,"0,50,86",fixed,0,,,0,0,,,
UK-HASWNBKW,Warranty,radio,1,,fixed,"1YR Warranty,2YR Warranty,3YR Warranty",,"0,50,86",fixed,0,,,0,0,,,
UK-HUEGGBKW,Warranty,radio,1,,fixed,"1YR Warranty,2YR Warranty,3YR Warranty",,"0,50,86",fixed,0,,,0,0,,,
UK-HUSWCMSW,Warranty,radio,1,,fixed,"1YR Warranty,2YR Warranty,3YR Warranty",,"0,50,86",fixed,0,,,0,0,,,
UK-HUEGGMSW,Warranty,radio,1,,fixed,"1YR Warranty,2YR Warranty,3YR Warranty",,"0,50,86",fixed,0,,,0,0,,,
UK-HUSWCRDW,Warranty,radio,1,,fixed,"1YR Warranty,2YR Warranty,3YR Warranty",,"0,50,86",fixed,0,,,0,0,,,
UK-HASWNRDW,Warranty,radio,1,,fixed,"1YR Warranty,2YR Warranty,3YR Warranty",,"0,50,86",fixed,0,,,0,0,,,
UK-HUEGGRDW,Warranty,radio,1,,fixed,"1YR Warranty,2YR Warranty,3YR Warranty",,"0,50,86",fixed,0,,,0,0,,,
UK-HAEGGRDW,Warranty,radio,1,,fixed,"1YR Warranty,2YR Warranty,3YR Warranty",,"0,50,86",fixed,0,,,0,0,,,
UK-HUSOFBKW,Warranty,radio,1,,fixed,"1YR Warranty,2YR Warranty,3YR Warranty",,"0,50,86",fixed,0,,,0,0,,,
UK-HUSOFRDW,Warranty,radio,1,,fixed,"1YR Warranty,2YR Warranty,3YR Warranty",,"0,50,86",fixed,0,,,0,0,,,
UK-YIBALBKF,Warranty,radio,1,,fixed,"1YR Warranty,2YR Warranty,3YR Warranty",,"0,50,86",fixed,0,,,0,0,,,
UK-HYCBLBLM,Warranty,radio,1,,fixed,"1YR Warranty,2YR Warranty,3YR Warranty",,"0,50,86",fixed,0,,,0,0,,,
UK-YIBALBLF,Warranty,radio,1,,fixed,"1YR Warranty,2YR Warranty,3YR Warranty",,"0,50,86",fixed,0,,,0,0,,,
UK-HYCBLRDM,Warranty,radio,1,,fixed,"1YR Warranty,2YR Warranty,3YR Warranty",,"0,50,86",fixed,0,,,0,0,,,
UK-YIBALRDF,Warranty,radio,1,,fixed,"1YR Warranty,2YR Warranty,3YR Warranty",,"0,50,86",fixed,0,,,0,0,,,
UK-HYCBLWHM,Warranty,radio,1,,fixed,"1YR Warranty,2YR Warranty,3YR Warranty",,"0,50,86",fixed,0,,,0,0,,,
UK-HYCLKBAM,Warranty,radio,1,,fixed,"1YR Warranty,2YR Warranty,3YR Warranty",,"0,50,86",fixed,0,,,0,0,,,
UK-HYCLKBAL,Warranty,radio,1,,fixed,"1YR Warranty,2YR Warranty,3YR Warranty",,"0,50,86",fixed,0,,,0,0,,,
UK-HYCASBKM,Warranty,radio,1,,fixed,"1YR Warranty,2YR Warranty,3YR Warranty",,"0,50,86",fixed,0,,,0,0,,,
UK-HYCSUMLW,Warranty,radio,1,,fixed,"1YR Warranty,2YR Warranty,3YR Warranty",,"0,50,86",fixed,0,,,0,0,,,
UK-HYEHRWHT,Warranty,radio,1,,fixed,"1YR Warranty,2YR Warranty,3YR Warranty",,"0,50,86",fixed,0,,,0,0,,,
UK-LIPF3YLP,Warranty,radio,1,,fixed,"1YR Warranty,2YR Warranty,3YR Warranty",,"0,50,86",fixed,0,,,0,0,,,
UK-LIPF1WHP,Warranty,radio,1,,fixed,"1YR Warranty,2YR Warranty,3YR Warranty",,"0,50,86",fixed,0,,,0,0,,,
UK-LIPF4WHP,Warranty,radio,1,,fixed,"1YR Warranty,2YR Warranty,3YR Warranty",,"0,50,86",fixed,0,,,0,0,,,
UK-LIPF5BEP,Warranty,radio,1,,fixed,"1YR Warranty,2YR Warranty,3YR Warranty",,"0,50,86",fixed,0,,,0,0,,,
UK-GLIDES,Warranty,radio,1,,fixed,"1YR Warranty,2YR Warranty,3YR Warranty",,"0,50,86",fixed,0,,,0,0,,,
UK-SSMNSCLV,Warranty,radio,1,,fixed,"1YR Warranty,2YR Warranty,3YR Warranty",,"0,50,86",fixed,0,,,0,0,,,
UK-SSMWSCLV,Warranty,radio,1,,fixed,"1YR Warranty,2YR Warranty,3YR Warranty",,"0,50,86",fixed,0,,,0,0,,,
UK-ANOSVBKF,Warranty,radio,1,,fixed,"1YR Warranty,2YR Warranty,3YR Warranty",,"0,50,86",fixed,0,,,0,0,,,
UK-HUWBCGRC,Warranty,radio,1,,fixed,"1YR Warranty,2YR Warranty,3YR Warranty",,"0,50,86",fixed,0,,,0,0,,,
UK-HUWBCRDC,Warranty,radio,1,,fixed,"1YR Warranty,2YR Warranty,3YR Warranty",,"0,50,86",fixed,0,,,0,0,,,
UK-MSTB4YLA,Warranty,radio,1,,fixed,"1YR Warranty,2YR Warranty,3YR Warranty",,"0,50,86",fixed,0,,,0,0,,,
UK-MSTB7YLA,Warranty,radio,1,,fixed,"1YR Warranty,2YR Warranty,3YR Warranty",,"0,50,86",fixed,0,,,0,0,,,
UK-MSTB4RDA,Warranty,radio,1,,fixed,"1YR Warranty,2YR Warranty,3YR Warranty",,"0,50,86",fixed,0,,,0,0,,,
UK-MSTB7RDA,Warranty,radio,1,,fixed,"1YR Warranty,2YR Warranty,3YR Warranty",,"0,50,86",fixed,0,,,0,0,,,
UK-MSTB4BLA,Warranty,radio,1,,fixed,"1YR Warranty,2YR Warranty,3YR Warranty",,"0,50,86",fixed,0,,,0,0,,,
UK-MSTB7BLA,Warranty,radio,1,,fixed,"1YR Warranty,2YR Warranty,3YR Warranty",,"0,50,86",fixed,0,,,0,0,,,
UK-MSTB4BKA,Warranty,radio,1,,fixed,"1YR Warranty,2YR Warranty,3YR Warranty",,"0,50,86",fixed,0,,,0,0,,,
UK-MSTB7BKA,Warranty,radio,1,,fixed,"1YR Warranty,2YR Warranty,3YR Warranty",,"0,50,86",fixed,0,,,0,0,,,
UK-MSTB4WHA,Warranty,radio,1,,fixed,"1YR Warranty,2YR Warranty,3YR Warranty",,"0,50,86",fixed,0,,,0,0,,,
UK-MSTB7WHA,Warranty,radio,1,,fixed,"1YR Warranty,2YR Warranty,3YR Warranty",,"0,50,86",fixed,0,,,0,0,,,
UK-MSTDCBKA,Warranty,radio,1,,fixed,"1YR Warranty,2YR Warranty,3YR Warranty",,"0,50,86",fixed,0,,,0,0,,,
UK-MSTDCBLA,Warranty,radio,1,,fixed,"1YR Warranty,2YR Warranty,3YR Warranty",,"0,50,86",fixed,0,,,0,0,,,
UK-MSTDCRDA,Warranty,radio,1,,fixed,"1YR Warranty,2YR Warranty,3YR Warranty",,"0,50,86",fixed,0,,,0,0,,,
UK-MSTDCWHA,Warranty,radio,1,,fixed,"1YR Warranty,2YR Warranty,3YR Warranty",,"0,50,86",fixed,0,,,0,0,,,
UK-MSTACBKA,Warranty,radio,1,,fixed,"1YR Warranty,2YR Warranty,3YR Warranty",,"0,50,86",fixed,0,,,0,0,,,
UK-MSTACGVA,Warranty,radio,1,,fixed,"1YR Warranty,2YR Warranty,3YR Warranty",,"0,50,86",fixed,0,,,0,0,,,
UK-MSUSNCBA,Warranty,radio,1,,fixed,"1YR Warranty,2YR Warranty,3YR Warranty",,"0,50,86",fixed,0,,,0,0,,,
UK-MSUSNBBA,Warranty,radio,1,,fixed,"1YR Warranty,2YR Warranty,3YR Warranty",,"0,50,86",fixed,0,,,0,0,,,
YSEMNBKL,Warranty,radio,1,,fixed,"1YR Warranty,2YR Warranty,3YR Warranty",,"0,50,86",fixed,0,,,0,0,,,
YSEMNWHL,Warranty,radio,1,,fixed,"1YR Warranty,2YR Warranty,3YR Warranty",,"0,50,86",fixed,0,,,0,0,,,
HUTULPRD,Warranty,radio,1,,fixed,"1YR Warranty,2YR Warranty,3YR Warranty",,"0,50,86",fixed,0,,,0,0,,,
HUTULPBK,Warranty,radio,1,,fixed,"1YR Warranty,2YR Warranty,3YR Warranty",,"0,50,86",fixed,0,,,0,0,,,
HURARRDF,Warranty,radio,1,,fixed,"1YR Warranty,2YR Warranty,3YR Warranty",,"0,50,86",fixed,0,,,0,0,,,
QDA15,Warranty,radio,1,,fixed,"1YR Warranty,2YR Warranty,3YR Warranty",,"0,50,86",fixed,0,,,0,0,,,
