%1$s incl tax.,%1$s incl tax.
%d Review(s),%d Review(s)
%s Item(s),%s Item(s)
%s Review(s),%s Review(s)
%s is required value,%s is required value
%s length must be equal to or greater than 1 characters,%s length must be equal to or greater than 1 characters
%s was added to your shopping cart.,%s was added to your shopping cart.
&copy; %s aheadWorks Co.,&copy; %s aheadWorks Co.
&laquo; Back to Billing Information,&laquo; Back to Billing Information
&laquo; Back to Select Addresses,&laquo; Back to Select Addresses
&laquo; Back to Shopping Cart,&laquo; Back to Shopping Cart
'Mobile Footer Links (Example)' static block as an example,'Mobile Footer Links (Example)' static block as an example
(Posted on %s),(Posted on %s)
(Shift-)Click or drag to change value,(Shift-)Click or drag to change value
* Required Fields,* Required Fields
#NAME?,#NAME?
#NAME?,#NAME?
- Use the %s buttons to select month,- Use the %s buttons to select month
"- Use the %s, %s buttons to select year","- Use the %s, %s buttons to select year"
#NAME?,#NAME?
#NAME?,#NAME?
--Please Select--,--Please Select--
1 star,1 star
2 stars,2 stars
3 stars,3 stars
4 stars,4 stars
5 stars,5 stars
<label>Make Check payable to</label>: %s,<label>Make Check payable to</label>: %s
<strong>%d item(s)</strong> were found using the following search criteria,<strong>%d item(s)</strong> were found using the following search criteria
About This Order:,About This Order:
About Your Order,About Your Order
About the calendar,About the calendar
Acceptance Mark,Acceptance Mark
Account Information,Account Information
Billing &<br/> Delivery details,Billing & Delivery details
How would you<br/> like to pay for<br/> your order?,How would you  like to pay for  your order?
