"SKU","Product Name","Base Image","Small Image","Thumb Image","Large Image","Gallery Image 2","Gallery Image 3","Gallery Image 4","Gallery Image 5"
"gift-voucher","Gift Voucher","giftvoucher.jpg","giftvoucher.jpg","giftvoucher.jpg","giftvoucher.jpg","giftvoucher.jpg",,,
"ANEOHBKP","Executive Office Chair Black - High Back",,,,,,,,
"ANEOHCRP","Executive Office Chair Cream - High Back",,,,,,,,
"ANMOMBKM","Mesh Ergonomic Office Chair Black - Medium Back",,,,,,,,
"ANMOHBKM","Mesh Ergonomic Office Chair Black - High Back",,,,,,,,
"LFBVLBKM","Value Office Chair",,,,,,,,
"YSEMMGRF","Management Office Chair - Eames Reproduction - Special Edition - Fabric",,,,,,,,
"YSMCLBKM","Designer Mesh Executive Office Chair - Low Back Black",,,,,,,,
"YSMCHBKM","Designer Mesh Executive Office Chair - High Back Black",,,,,,,,
"YSMCLWHM","Designer Mesh Executive Office Chair - Low Back White",,,,,,,,
"YSMCHWHM","Designer Mesh Executive Office Chair - High Back White",,,,,,,,
"ZSSLPBLC","Ergo Body Task Chair - Black",,,,,,,,
"ZSSLPGRM","Ergo Body Task Chair - Grey",,,,,,,,
"ANBRDBKL","Boardroom Executive Office Chair",,,,,,,,
"YSESPHBKL","SOFT PAD Management Office Chair - Eames Reproduction - High Back Black",,,,,,,,
"YSESPBKL","SOFT PAD Management Office Chair - Eames Reproduction - Black",,,,,,,,
"YSEMHBKL","Management Office Chair - Eames Reproduction - High Back Black",,,,,,,,
"YSEMOBKL","Management Office Chair - Eames Reproduction - Black",,,,,,,,
"YSEMOBRL","Management Office Chair - Eames Reproduction - Brown",,,,,,,,
"YSEMORDL","Management Office Chair - Eames Reproduction - Red",,,,,,,,
"YSEMHRDL","Management Office Chair - Eames Reproduction - High Back Red",,,,,,,,
"YSESPWHL","SOFT PAD Management Office Chair - Eames Reproduction - White",,,,,,,,
"YSEMOWHL","Management Office Chair - Eames Reproduction - White",,,,,,,,
"YSEMHWHL","Management Office Chair - Eames Reproduction - High Back White",,,,,,,,
"YSEMOAQL","Management Office Chair - Eames Reproduction - Aqua",,,,,,,,
"YSEMOLGL","Management Office Chair - Eames Reproduction - Light Green",,,,,,,,
"YSEMOOGL","Management Office Chair - Eames Reproduction - Orange",,,,,,,,
"YSEMOPKL","Management Office Chair - Eames Reproduction - Pink",,,,,,,,
"YSEMOYLL","Management Office Chair - Eames Reproduction - Yellow",,,,,,,,
"ADELOBKL","Premium Lobby Executive Office Chair - Eames Reproduction - Black",,,,,,,,
"YSELOBKL","Eames Office Replica Executive Chair",,,,,,,,
"HIELOYLL","Premium Lobby Executive Office Chair - Eames Reproduction - Yellow",,,,,,,,
"YSEMNBKL","Aluminium Visitor Mesh Office Chair - Eames Reproduction  Black  no armrests",,,,,,,,
"YSEMABKL","Aluminium Visitor Mesh Office Chair - Eames Reproduction - Black",,,,,,,,
"YSEMNWHL","Aluminium Visitor Mesh Office Chair - Eames Reproduction  White  no armrests",,,,,,,,
"YSEMAWHL","Aluminium Visitor Mesh Office Chair - Eames Reproduction - White",,,,,,,,
"ANEOABKA","Deluxe Mesh Ergonomic Office Chair With Headrest",,,,,,,,
"ANENOBKA","Deluxe Mesh Ergonomic Office Chair - Low Back",,,,,,,,
"ZSSLDBLM","Multi-Adjustable - Posture Management Office Chair - Blue",,,,,,,,
"ZSSLABKM","Ergonomic 2020 - Posture Management Office Chair",,,,,,,,
"COEESBKM","ErgoFlex Space Office Chair - High Back Black",,,,,,,,
"COEESRDM","ErgoFlex Space Office Chair - High Back Red",,,,,,,,
"ZSSLDBKF","Adjustable Office Task Chair - Padded",,,,,,,,
"FRELCBKL","Lounge Chair and Ottoman - Eames Reproduction - Majestic Edition - Black",,,,,,,,
"FRELCBLL","Lounge Chair and Ottoman - Eames Reproduction - Majestic Edition - Aquamarine",,,,,,,,
"FRELCDKL","Lounge Chair and Ottoman - Eames Reproduction - Majestic Edition - Dark Brown",,,,,,,,
"FRELCRDL","Lounge Chair and Ottoman - Eames Reproduction - Majestic Edition - Ruby Red",,,,,,,,
"HUSOFDGC","Swan Sofa - Cashmere - Grey - Replica",,,,,,,,
"ADWISNTT","Set of 2 - Replica Hans Wegner Wishbone Chair - Cord",,,,,,,,
"YSCHACHF","Le Corbusier LC4 Chaise Lounge - Cow Hide - Replica",,,,,,,,
"ADESOLBF","Eames / Saarinen Replica Organic Chair - Light Brown",,,,,,,,
"ADESODBF","Eames / Saarinen Replica Organic Chair - Dark Brown",,,,,,,,
"ADESOWHF","Eames / Saarinen Replica Organic Chair - White",,,,,,,,
"ADMADBKP","Set of 2 - Mademoiselle Chair Replica - Black",,,,,,,,
"ADMADWHP","Set of 2 - Mademoiselle Chair Replica - White",,,,,,,,
"ADMADMLP","Set of 2 - Mademoiselle Chair Replica - Retro",,,,,,,,
"HIOECRDA","Ovalia Egg Chair Replica",,,,,,,,
"YIKIDRDF","Kids Ball Chair - Red - Replica",,,,,,,,
"HUELCWHF","La Chaise - Eames Reproduction - White",,,,,,,,
"GFPKCSTS","PK61 Glass Coffee Table - Poul Kjaerholm Replica",,,,,,,,
"GFNESBKS","Onyx Nest of Tables",,,,,,,,
"GFBCTSTS","Barcelona Coffee Table - Mies Van der Rohe Replica",,,,,,,,
"GFESTBKS","Eileen Gray Side Table - Black - Replica",,,,,,,,
"GFESTSTS","Eileen Gray Side Table - Replica",,,,,,,,
"JEKUGBKA","Kugel Glass Side Table Black - Replica",,,,,,,,
"JEKUGWHA","Kugel Glass Side Table White - Replica",,,,,,,,
"GFNOGBKG","Noguchi Coffee Table - Black - Replica",,,,,,,,
"GFNOGNTG","Noguchi Coffee Table - Natural - Replica",,,,,,,,
"GFNOGWNG","Noguchi Coffee Table - Walnut - Replica",,,,,,,,
"GFNOGWHG","Noguchi Coffee Table - White - Replica",,,,,,,,
"YSBBHBKL","Barcelona Bench - Black - Replica",,,,,,,,
"YSBBHWHL","Barcelona Bench - White - Replica",,,,,,,,
"YSBDBBKL","Barcelona Day Bed - Black - Replica",,,,,,,,
"YSBDBWHL","Barcelona Day Bed - White - Replica",,,,,,,,
"HUSWCBKL","Swan Chair - Premium Leather - Black - Replica",,,,,,,,
"FRSPOBKL","Lounge Chair and Ottoman - Eames Reproduction - Soft Pad - Black",,,,,,,,
"FREMOBKL","Lounge Chair and Ottoman - Eames Reproduction - Executive - Black",,,,,,,,
"HUEGGBKL","Egg Chair - Premium Leather - Black - Replica",,,,,,,,
"YSBACBKL","Barcelona Chair Black - Premium Version - Replica",,,,,,,,
"GFBACBKP","Barcelona Chair Black - Classic Version - Replica",,,,,,,,
"HUSWCRDL","Swan Chair - Premium Leather - Red - Replica",,,,,,,,
"HUEGGRDL","Egg Chair - Premium Leather - Red - Replica",,,,,,,,
"YSBACRDL","Barcelona Chair Red - Premium Version - Replica",,,,,,,,
"HUSWCWHL","Swan Chair - Premium Leather - White - Replica",,,,,,,,
"HUEGGWHL","Egg Chair - Premium Leather - White - Replica",,,,,,,,
"YSBACWHL","Barcelona Chair White - Premium Version - Replica",,,,,,,,
"GFBACWHP","Barcelona Chair White - Classic Version - Replica",,,,,,,,
"YSBRNBKP","Brno Visitor Chair",,,,,,,,
"YSBAOBKL","Barcelona Ottoman Black - Premium Version - Replica",,,,,,,,
"YSBAOWHL","Barcelona Ottoman White - Premium Version - Replica",,,,,,,,
"YSLCOBKL","Le Corbusier LC2 Ottoman - Black - Replica",,,,,,,,
"YSLCOWHL","Le Corbusier LC2 Ottoman - White - Replica",,,,,,,,
"YSFK1BKL","Florence Knoll Replica Arm Chair - Black - Premium Version",,,,,,,,
"YSFK1WHL","Florence Knoll Replica Arm Chair - White - Premium Version",,,,,,,,
"YSLC1BKL","Le Corbusier LC2 Arm Chair - Black - Replica",,,,,,,,
"YSLC3BKL","Le Corbusier LC2 3-Seater Sofa - Black - Replica",,,,,,,,
"YSLC2BKL","Le Corbusier LC2 2-Seater Sofa - Black - Replica",,,,,,,,
"YSJH1BKL","Josef Hoffmann Kubus Arm Chair - Replica",,,,,,,,
"YSJH3BKL","Josef Hoffmann Kubus 3 Seater Sofa - Replica",,,,,,,,
"YSJH2BKL","Josef Hoffmann Kubus 2 Seater Sofa - Replica",,,,,,,,
"YSFK3BKL","Florence Knoll Replica 3 Seater Sofa - Black - Premium Version",,,,,,,,
"YSFK2BKL","Florence Knoll Replica 2 Seater Sofa - Black - Premium Version",,,,,,,,
"YSBA3BKL","Barcelona 3 Seater Sofa - Black - Replica",,,,,,,,
"YSBA2BKL","Barcelona 2 Seater Sofa  - Black - Replica",,,,,,,,
"YSLC1RDL","Le Corbusier LC2 Arm Chair - Red - Replica",,,,,,,,
"YSLC3RDL","Le Corbusier LC2 3-Seater Sofa - Red - Replica",,,,,,,,
"YSLC2RDL","Le Corbusier LC2 2-Seater Sofa - Red - Replica",,,,,,,,
"YSLC1WHL","Le Corbusier LC2 Arm Chair - White - Replica",,,,,,,,
"YSLC3WHL","Le Corbusier LC2 3-Seater Sofa - White - Replica",,,,,,,,
"YSLC2WHL","Le Corbusier LC2 2-Seater Sofa - White - Replica",,,,,,,,
"YSFK3WHL","Florence Knoll Replica 3 Seater Sofa - White - Premium Version",,,,,,,,
"YSFK2WHL","Florence Knoll Replica 2 Seater Sofa - White - Premium Version",,,,,,,,
"YSBA3WHL","Barcelona 3 Seater Sofa - White - Replica",,,,,,,,
"YSBA2WHL","Barcelona 2 Seater Sofa  - White - Replica",,,,,,,,
"FRELCXBL","Lounge Chair and Ottoman - Eames Reproduction Black - Anniversary Edition - Premium",,,,,,,,
"FRELCXCL","Lounge Chair and Ottoman - Eames Reproduction Off-White - Anniversary Edition - Premium",,,,,,,,
"LFSTVBKM","4 Pack - Stackable Office Mesh Meeting Chair",,,,,,,,
"MSTB7BKA","Tolix Bar Stool - Xavier Pauchard Reproduction - 75cm - Black",,,,,,,,
"MSTBSBKA","Tolix Bar Stool - Xavier Pauchard Reproduction - 65cm - Black",,,,,,,,
"MSTB4BKA","Tolix Bar Stool - Xavier Pauchard Reproduction - 45cm - Black",,,,,,,,
"MSTB7BLA","Tolix Bar Stool - Xavier Pauchard Reproduction - 75cm - Blue",,,,,,,,
"MSTBSBLA","Tolix Bar Stool - Xavier Pauchard Reproduction - 65cm - Blue",,,,,,,,
"MSTB4BLA","Tolix Bar Stool - Xavier Pauchard Reproduction - 45cm - Blue",,,,,,,,
"MSTB7GVA","Tolix Bar Stool - Xavier Pauchard Reproduction - 75cm - Galvanised",,,,,,,,
"MSTBSGVA","Tolix Bar Stool - Xavier Pauchard Reproduction - 65cm - Galvanised",,,,,,,,
"MSTB4GVA","Tolix Bar Stool - Xavier Pauchard Reproduction - 45cm - Galvanised",,,,,,,,
"MSTB7RDA","Tolix Bar Stool - Xavier Pauchard Reproduction - 75cm - Red",,,,,,,,
"MSTBSRDA","Tolix Bar Stool - Xavier Pauchard Reproduction - 65cm - Red",,,,,,,,
"MSTB4RDA","Tolix Bar Stool - Xavier Pauchard Reproduction - 45cm - Red",,,,,,,,
"MSTB7WHA","Tolix Bar Stool - Xavier Pauchard Reproduction - 75cm - White",,,,,,,,
"MSTBSWHA","Tolix Bar Stool - Xavier Pauchard Reproduction - 65cm - White",,,,,,,,
"MSTB4WHA","Tolix Bar Stool - Xavier Pauchard Reproduction - 45cm - White",,,,,,,,
"MSTB7YLA","Tolix Bar Stool - Xavier Pauchard Reproduction - 75cm - Yellow",,,,,,,,
"MSTBSYLA","Tolix Bar Stool - Xavier Pauchard Reproduction - 65cm - Yellow",,,,,,,,
"MSTB4YLA","Tolix Bar Stool - Xavier Pauchard Reproduction - 45cm - Yellow",,,,,,,,
"KITDCBKA","Tolix Chair - Xavier Pauchard Reproduction - Black",,,,,,,,
"MSTACBKA","Tolix Armchair - Xavier Pauchard Reproduction - Black",,,,,,,,
"KITDCBLA","Tolix Chair - Xavier Pauchard Reproduction - Blue",,,,,,,,
"KITDCGVA","Tolix Chair - Xavier Pauchard Reproduction - Galvanised",,,,,,,,
"MSTACGVA","Tolix Armchair - Xavier Pauchard Reproduction - Galvanised",,,,,,,,
"BCIATLNT","Set of 4 - Atlanta Chair",,,,,,,,
"KITDCRDA","Tolix Chair - Xavier Pauchard Reproduction - Red",,,,,,,,
"KITDCWHA","Tolix Chair - Xavier Pauchard Reproduction - White",,,,,,,,
"MSTDCYLA","Tolix Chair - Xavier Pauchard Reproduction - Yellow",,,,,,,,
"LXARCSNM","Arc Floor Lamp - Circular Marble Base - Black - Replica",,,,,,,,
"BCIBERWC","Set of 4 - Berwick Chair - Black",,,,,,,,
"BCIMAYBK","Set of 2 - Maya Chair - Black",,,,,,,,
"BCIDIVAB","Set of 2 - Diva Armchair - Black",,,,,,,,
"BCIMAYCH","Set of 2 - Maya Chair - Chocolate",,,,,,,,
"BCIMAYGN","Set of 2 - Maya Chair - Green",,,,,,,,
"BCIMAYAN","Set of 2 - Maya Chair - Anthracite",,,,,,,,
"BCIMAYOG","Set of 2 - Maya Chair - Orange",,,,,,,,
"BCIMAYRD","Set of 2 - Maya Chair - Red",,,,,,,,
"BCIMAYWH","Set of 2 - Maya Chair - White",,,,,,,,
"ADFOLWHM","Metro Folding Chair",,,,,,,,
"KIDSWBKW","DSW Dining Side Chair Wooden Legs - Eames Reproduction - Black",,,,,,,,
"KIDSRRDP","DSR Eiffel Base Plastic Side Chair - Eames Reproduction - Red",,,,,,,,
"KIDSWWHW","DSW Dining Side Chair Wooden Legs - Eames Reproduction - White",,,,,,,,
"KIDSRWHP","DSR Eiffel Base Plastic Side Chair - Eames Reproduction - White",,,,,,,,
"KIAACWHP","DAW Dining Armchair Wooden Legs - Eames Reproduction - White",,,,,,,,
"ADGHSBKP","Set of 4 - Ghost Side Chair Replica - Black",,,,,,,,
"ADGHABKP","Set of 4 - Ghost Armchair Replica - Black",,,,,,,,
"ADGHSCLP","Set of 4 - Ghost Side Chair Replica - Clear",,,,,,,,
"ADGHACLP","Set of 4 - Ghost Armchair Replica - Clear",,,,,,,,
"ADGHSIVP","Set of 4 - Ghost Side Chair Replica - Ivory",,,,,,,,
"ADGHAIVP","Set of 4 - Ghost Armchair Replica - Ivory",,,,,,,,
"ADROCWHP","RAR Rocker - Eames Reproduction",,,,,,,,
"ALSHRBEP","Shag Rug Beige - Premium Version 160x230cm",,,,,,,,
"ALSHRWBP","Shag Rug Black & White - Premium Version 160x230cm",,,,,,,,
"ALSHRDBP","Shag Rug Dark Brown - Premium Version 160x230cm",,,,,,,,
"ALSHRWHP","Shag Rug White - Premium Version 160x230cm",,,,,,,,
"ALSHRWHB","Shag Rug White - Classic Version 160x230cm",,,,,,,,
"JITORBKP","Torino Kitchen Stool - Black",,,,,,,,
"TIROMBKP","Roma Club Bar Stool - Black",,,,,,,,
"JIPISBKP","Pisa Breakfast Bar Stool - Black",,,,,,,,
"TIMILBKP","Milano Bar Stool",,,,,,,,
"TILEMBKC","LEM Piston Bar Stool - Black - Replica",,,,,,,,
"TICOMBKP","Como Kitchen Bar Stool - Black",,,,,,,,
"YSCHABKP","Le Corbusier LC4 Chaise Lounge - Black - Replica",,,,,,,,
"ANRECLBP","Oslo Recliner & Ottoman - Light Brown",,,,,,,,
"ANRECDBP","Europa Recliner & Ottoman - Dark Brown",,,,,,,,
"YSBAOBKP","Barcelona Ottoman Black - Classic Version - Replica",,,,,,,,
"GFBAOWHP","Barcelona Ottoman White - Classic Version - Replica",,,,,,,,
"ANTUBBKP","Tub Chair - Black",,,,,,,,
"ANTUBBLP","Tub Chair - Blue",,,,,,,,
"ANTUBWHP","Tub Chair - White",,,,,,,,
"YSELCXBP","Lounge Chair and Ottoman - Eames Reproduction Black - Anniversary Edition - Classic",,,,,,,,
"YSELCACP","Lounge Chair and Ottoman - Eames Reproduction Off-White - Anniversary Edition - Classic",,,,,,,,
"BBSEEBLP","Boss Bed Inspired - Single - Black",,,,,,,,
"BBQBSBLP","Boss Bed Inspired - Queen - Black",,,,,,,,
"BBKBSBLP","Boss Bed Inspired - King - Black",,,,,,,,
"BBQAMBRP","Roma Queen Size Bed",,,,,,,,
"BBSCCBRP","Amare Single Size Bed",,,,,,,,
"BBQCCBRP","Amare Queen Size Bed",,,,,,,,
"BBKCCBRP","Amare King Size Bed",,,,,,,,
"BBQBSWHP","Boss Bed Inspired - Queen - White",,,,,,,,
"BBKBSWHP","Boss Bed Inspired - King - White",,,,,,,,
"BBQSGBRP","Sognare Queen Size Bed",,,,,,,,
"BRSUGACT","Monaco Outdoor Timber Sun Lounger - Green","BRSUGACT-1.jpg","BRSUGACT-1.jpg","BRSUGACT-1.jpg","BRSUGACT-1.jpg","BRSUGACT-1.jpg",,,
"BRSUOACT","Monaco Outdoor Timber Sun Lounger - Orange",,,,,,,,
"BRLPCACT","Seville Outdoor Timber Folding Chair",,,,,,,,
"BRPLMACT","Palma Majorca Outdoor Timber 7pc Set",,,,,,,,
"BRKB3ACT","Madrid 3 Seater Outdoor Timber Bench - 160cm",,,,,,,,
"BREIVACT","Eivissa Outdoor Timber 5pc Set",,,,,,,,
"BRRTBACT","Alicante Outdoor Timber Rectangular Table - 180cm x 90cm",,,,,,,,
"BRTROACT","Valencia Outdoor Timber Drinks Trolley",,,,,,,,
"BROILLSO","Linseed Oil - Outdoor Timber Furniture",,,,,,,,
"BCITICOB","Set of 3 - Tico Chair - Black",,,,,,,,
"BCIBLVRD","Set of 2 - Boulevard Chair - Black",,,,,,,,
"BCIMALIW","Set of 3 - Malibu Armchair - Chocolate",,,,,,,,
"BCIJACAW","Set of 2 - Jacana Chair - Chocolate",,,,,,,,
"BCIBLVRC","Set of 2 - Boulevard Chair - Chocolate",,,,,,,,
"BCIJACAA","Jacana Armchair - Chocolate",,,,,,,,
"BCIHILTB","Hilton Chair - Chocolate Cream",,,,,,,,
"BCITICOH","Set of 3 - Tico Chair - Honey",,,,,,,,
"BCIBLVRH","Set of 2 - Boulevard Chair - Honey",,,,,,,,
"HDTK7BKW","Torquay 7pc Outdoor Wicker Dining Set - Black",,,,,,,,
"HDSS5BKW","Sunset 5pc Outdoor Bar Set - Wicker Furniture - Black",,,,,,,,
"HDSP4BKW","Sorrento Patio 4pc Set - Outdoor Rattan Wicker - Black",,,,,,,,
"BY5DCBKW","Portofino 5pc Round Dining Set - Outdoor Rattan Wicker - Black",,,,,,,,
"HDW3PBKG","Garden Outdoor Wicker Stacking Vase 3pc Set - Black",,,,,,,,
"HDW5PBKW","Garden Outdoor Wicker Stacking Tower 5pc Set - Black",,,,,,,,
"HDGT6BKW","Outdoor Rattan Wicker Grande Tower 6pc Set - Black",,,,,,,,
"HDPATBKW","Lorne 3pc Bistro Set - Garden Furniture",,,,,,,,
"HDWHCBKW","Hanging Egg Chair - Garden Patio Furniture - Black",,,,,,,,
"HDGS3BKW","Encore Outdoor Wicker Day Bed - Black",,,,,,,,
"HDWCSBKW","Chelsea Lounge Chair & Ottoman - Outdoor Rattan Wicker - Black",,,,,,,,
"HDWLCBKW","Brighton Sun Lounge - Outdoor Rattan Wicker - Black",,,,,,,,
"HDW3PNTG","Garden Outdoor Wicker Stacking Vase 3pc Set - Natural",,,,,,,,
"HDW5PNTW","Garden Outdoor Wicker Stacking Tower 5pc Set - Natural",,,,,,,,
"HDWHCWHW","Hanging Egg Chair - Garden Patio Furniture - White",,,,,,,,
"KB-10","Set of 3 - Torquay Wicker Basket",,,,,,,,
"HDRLSBKW","Oasis Love 2pc Sofa Set - Outdoor Garden Furniture ",,,,,,,,
"HDRSBBKW","Wicker Storage Basket - Black",,,,,,,,
"KB-17","Set of 3 - Portland Wicker Basket",,,,,,,,
"KB-18","Set of 3 - Newhaven Wicker Basket",,,,,,,,
"KB-03","Set of 3 - Lorne Wicker Basket",,,,,,,,
"KB-23","Set of 2 - Sorrento Wicker Basket",,,,,,,,
"HDFP3BRW","Maui Rattan Wicker Flower Pot - Set of 3",,,,,,,,
"HDFP3BKW","Honolulu Rattan Wicker Flower Pot - Set of 3",,,,,,,,
"HOFLSOAP","Florida Shelving Unit - 5 Tier - Oak",,,,,,,,
"HOFLCOAP","Florida Shelving Unit - 2 Tier - Oak",,,,,,,,
"HOQDRMPP","Q Box Shelving Unit - Set of 2 Drawers - Natural",,,,,,,,
"HOQDOMPP","Q Box Shelving Unit - Door - Natural",,,,,,,,
"HOQ44MPP","Q Box 4x4 Shelving Unit - Natural",,,,,,,,
"HOQ42MPP","Q Box 4x2 Shelving Unit - Natural",,,,,,,,
"HOQ22MPP","Q Box 2x2 Shelving Unit - Natural",,,,,,,,
"HOD34OKP","Miami 3 x 4 Shelving Unit - Oak",,,,,,,,
"HOD33OKP","Miami 3 x 3 Shelving Unit - Oak",,,,,,,,
"HOD24OKP","Miami 2 x 4 Shelving Unit - Oak",,,,,,,,
"HOQDRWLP","Q Box Shelving Unit - Set of 2 Drawers - Walnut",,,,,,,,
"HOQDOWLP","Q Box Shelving Unit - Door - Walnut",,,,,,,,
"HOQ44WLP","Q Box 4x4 Shelving Unit - Walnut",,,,,,,,
"HOQ42WLP","Q Box 4x2 Shelving Unit - Walnut",,,,,,,,
"HOQ22WLP","Q Box 2x2 Shelving Unit - Walnut",,,,,,,,
"HOD34WLP","Miami 3 x 4 Shelving Unit - Walnut",,,,,,,,
"HOD33WLP","Miami 3 x 3 Shelving Unit - Walnut",,,,,,,,
"HOD24WLP","Miami 2 x 4 Shelving Unit - Walnut",,,,,,,,
"HOQDRWHP","Q Box Shelving Unit - Set of 2 Drawers - White",,,,,,,,
"HOQDOWHP","Q Box Shelving Unit - Door - White",,,,,,,,
"HOQ44WHP","Q Box 4x4 Shelving Unit - White",,,,,,,,
"HOQ42WHP","Q Box 4x2 Shelving Unit - White",,,,,,,,
"HOQ22WHP","Q Box 2x2 Shelving Unit - White",,,,,,,,
"HOD34WHP","Miami 3 x 4 Shelving Unit - White",,,,,,,,
"HOD33WHP","Miami 3 x 3 Shelving Unit - White",,,,,,,,
"HOD24WHP","Miami 2 x 4 Shelving Unit - White",,,,,,,,
"QDA52","Bookcase Multi Tier - Black",,,,,,,,
"QDA53","Bookcase Multi Tier - Brown",,,,,,,,
"QDA51","Bookcase Multi Tier - White",,,,,,,,
"GFOFCBKW","Offi Large Coffee Table - Black - Replica",,,,,,,,
"HIECTNTP","Plywood Coffee Table - Eames Reproduction - Natural",,,,,,,,
"HIECTWLP","Plywood Coffee Table - Eames Reproduction - Walnut",,,,,,,,
"MSSTDDBT","Bentwood Dining Chair 214 - Thonet Reproduction - Brown Timber",,,,,,,,
"BCILILZE","Set of 6 - Lily Chair - Zebrano",,,,,,,,
"BCILILBE","Set of 6 - Lily Chair - Beech",,,,,,,,
"BCIMAYWN","Set of 2 - Latte Chair - Walnut",,,,,,,,
"YSAJ7BKP","Set of 4 - Replica Arne Jacobsen Series 7 Chair - Black",,,,,,,,
"YSAJ7NTP","Set of 4 - Replica Arne Jacobsen Series 7 Chair - Natural",,,,,,,,
"YSAJ7WHP","Set of 4 - Replica Arne Jacobsen Series 7 Chair - White",,,,,,,,
"EBKBMKTL","Kay Bojesen Teak Monkey Replica",,,,,,,,
"JEOFIBKP","Offi Magazine Side Table Replica - Black",,,,,,,,
"YSMTRBRW","Eames Replica Meeting Table 80cm - Round - Brown",,,,,,,,
"ADNGDWHS","Noguchi Cyclone Dining Table - White - Replica",,,,,,,,
"ADWIBWHT","Replica Hans Wegner Wishbone Chair - Beech",,,,,,,,
"ADWIWBKT","Replica Hans Wegner Wishbone Chair - Walnut",,,,,,,,
"HUSWCBKW","Swan Chair - Premium Wool - Black - Replica",,,,,,,,
"HASWNBKW","Swan Chair - Classic Wool - Black - Replica",,,,,,,,
"HUEGGBKW","Egg Chair - Premium Wool - Black - Replica",,,,,,,,
"HUSWCMSW","Swan Chair - Premium Wool - Lime - Replica",,,,,,,,
"HUEGGMSW","Egg Chair - Premium Wool - Lime - Replica",,,,,,,,
"HUSWCRDW","Swan Chair - Premium Wool - Red - Replica",,,,,,,,
"HASWNRDW","Swan Chair - Classic Wool - Red - Replica",,,,,,,,
"HUEGGRDW","Egg Chair - Premium Wool - Red - Replica",,,,,,,,
"HAEGGRDW","Egg Chair - Classic Wool - Red - Replica",,,,,,,,
"ALHMVPCW","Verner Panton VP Rug - Reproduction - Rectangle",,,,,,,,
"ALHMVP3W","Verner Panton VP III Rug - Reproduction - Rectangle",,,,,,,,
"ALHMSTPW","Verner Panton Inspired Stripe Rug - Rectangle",,,,,,,,
"HUSOFBKW","Swan Sofa - Premium Wool - Black - Replica",,,,,,,,
"HUSOFRDW","Swan Sofa - Premium Wool - Red - Replica",,,,,,,,
"YIBALBKF","Ball Chair - Black - Replica",,,,,,,,
"HYCBLBLM","Ball Clock - Blue",,,,,,,,
"YIBALBLF","Ball Chair - Blue - Replica",,,,,,,,
"HYCBLRDM","Ball Clock - Red",,,,,,,,
"YIBALRDF","Ball Chair - Red - Replica",,,,,,,,
"HYCBLWHM","Ball Clock - White",,,,,,,,
"HYCLKBAM","Ball Clock - Special Edition",,,,,,,,
"HYCLKBAL","Ball Clock",,,,,,,,
"HYCASBKM","Asterisk Clock",,,,,,,,
"MSSTDWHA","Bentwood Dining Chair 214 - Thonet Reproduction - White",,,,,,,,
"JEPTFTQP","Pantone Folding Chair Replica - 15-5519 - Turquoise",,,,,,,,
"JEPTFGRP","Pantone Folding Chair Replica - 10C - Cool Grey",,,,,,,,
"JEPTFRDP","Pantone Folding Chair Replica - 186C - Ruby Pink",,,,,,,,
"JEPTFPKP","Pantone Folding Chair Replica - 672C - Pastel Lavender",,,,,,,,
"JEPTFPPP","Pantone Folding Chair Replica - 268C - Royal Purple",,,,,,,,
"JEPTFYLP","Pantone Folding Chair Replica - 14-0848 - Mimosa Yellow",,,,,,,,
"SVEPDPBL","Swissvoice ePure Cordless Telephone - Twin Set - Black",,,,,,,,
"SVEPTPBL","Swissvoice ePure Cordless Telephone - Black",,,,,,,,
"SVEPDPRD","Swissvoice ePure Cordless Telephone - Twin Set - Red",,,,,,,,
"SVEPTPRD","Swissvoice ePure Cordless Telephone - Red",,,,,,,,
"SVEPTPWH","Swissvoice ePure Cordless Telephone - White",,,,,,,,
"SVEPDPWH","Swissvoice ePure Cordless Telephone - Twin Set - White",,,,,,,,
"HYCSUMLW","Sunburst Clock",,,,,,,,
"HYEHRWHT","Hang It All Rack - Eames Reproduction",,,,,,,,
"EBBIRBKW","Eames Replica House Bird Ornament - Black",,,,,,,,
"EBBIRWHW","Eames Replica House Bird Ornament - White",,,,,,,,
"LXPCFBKF","Tripod Floor Lamp - Black",,,,,,,,
"LXPCFWHF","Tripod Floor Lamp - White",,,,,,,,
"LXMTBKF","Jaime Hayon Josephine Inspired Table Lamp - Black","LXMTBKF-1.jpg","LXMTBKF-1.jpg","LXMTBKF-1.jpg","LXMTBKF-1.jpg","LXMTBKF-1.jpg",,,
"LXFLBKF","Jaime Hayon Josephine Inspired Floor Lamp - Black",,,,,,,,
"EBGTFBKA","Grasshopper Floor Lamp - Greta Grossman Replica - Black",,,,,,,,
"LXMTRDF","Jaime Hayon Josephine Inspired Table Lamp - Red","LXMTRDF-1.jpg","LXMTRDF-1.jpg","LXMTRDF-1.jpg","LXMTRDF-1.jpg","LXMTRDF-1.jpg",,,
"LXFLRDF","Jaime Hayon Josephine Inspired Floor Lamp - Red",,,,,,,,
"EBGTFRDA","Grasshopper Floor Lamp - Greta Grossman Replica - Red",,,,,,,,
"LIPF2WHP","Raphael Floor Lamp",,,,,,,,
"LXMTWHF","Jaime Hayon Josephine Inspired Table Lamp - White","LXMTWHF-1.jpg","LXMTWHF-1.jpg","LXMTWHF-1.jpg","LXMTWHF-1.jpg","LXMTWHF-1.jpg",,,
"LXFLWHF","Jaime Hayon Josephine Inspired Floor Lamp - White",,,,,,,,
"LXARCWHM","Brella Arc Floor Lamp - White",,,,,,,,
"LIPF3YLP","Giotto Floor Lamp",,,,,,,,
"LIPF1WHP","Titian Floor Lamp",,,,,,,,
"LIPF6WHP","Tintoretto Floor Lamp","LIPF6WHP-1.jpg","LIPF6WHP-1.jpg","LIPF6WHP-1.jpg","LIPF6WHP-1.jpg","LIPF6WHP-1.jpg",,,
"EBGTFSDA","Grasshopper Floor Lamp - Greta Grossman Replica - Sand",,,,,,,,
"LIPF4WHP","Botticelli Floor Lamp",,,,,,,,
"LIPF5BEP","Bellini Floor Lamp",,,,,,,,
"EBAJTBKA","AJ Table Lamp - Arne Jacobsen Reproduction - Black",,,,,,,,
"EBAJFBKA","AJ Floor Lamp - Arne Jacobsen Reproduction - Black",,,,,,,,
"EBAJTGRA","AJ Table Lamp - Arne Jacobsen Reproduction - Grey",,,,,,,,
"EBCLOGGA","Lampadina Table Lamp - Achille Castiglioni Replica - Orange ",,,,,,,,
"EBAJTWHA","AJ Table Lamp - Arne Jacobsen Reproduction - White",,,,,,,,
"EBAJFWHA","AJ Floor Lamp - Arne Jacobsen Reproduction - White",,,,,,,,
"QDA11","Mirrored Jewellery Cabinet & Accessory Organiser - Black",,,,,,,,
"QDA10","Mirrored Jewellery Cabinet & Accessory Organiser - Brown",,,,,,,,
"QDA12","Mirrored Jewellery Cabinet & Accessory Organiser - White",,,,,,,,
"ZSSLPBLC-CUSHION","Padded Back Cushion - Ergo Body Task Chair - Black",,,,,,,,
"ZSSLPGRC-CUSHION","Padded Back Cushion - Ergo Body Task Chair - Grey",,,,,,,,
"GLIDES","Office Chair Glides - Set of 5 ",,,,,,,,
"SSMNSCLV","Heavy Duty Office Chair Mat - 1140 x 1350 mm - Hard Floors",,,,,,,,
"SSMWSCLV","Heavy Duty Office Chair Mat - 1140 x 1350 mm - Carpet Floors",,,,,,,,
"ESLCKLQR","EcoShield Leather Care Kit",,,,,,,,
"ANOSVBKF","6 PACK - Office Stackable Visitor Conference Chairs - Black",,,,,,,,
"ANOCVBKP","6 Pack - Office Cantilever Visitor Chairs",,,,,,,,
"ANOSVNBF","6 PACK - Office Stackable Visitor Conference Chairs - Blue",,,,,,,,
"FF7","Fibreglass Twine Urns Fountain",,,,,,,,
"FF10","Fibreglass Modern Pots Fountain",,,,,,,,
"JESLSBRL","Kobe Side Table - Black",,,,,,,,
"JELLCBRL","Kobe Coffee Table - Black",,,,,,,,
"ANEOMBKL","Executive Office Chair Black - Medium Back",,,,,,,,
"ZSSLPGRC","Ergo Body Task Chair - Grey ",,,,,,,,
"HIELOBKL","Premium Lobby Executive Office Chair - Eames Reproduction - Black",,,,,,,,
"HIBALRDC","Kids Ball Chair - Red - Replica",,,,,,,,
"YSBACBKP","Barcelona Chair Black - Classic Version - Replica",,,,,,,,
"YSBACWHP","Barcelona Chair White - Classic Version - Replica",,,,,,,,
"KITBSBLA","Tolix Bar Stool - Xavier Pauchard Reproduction - 65cm - Blue",,,,,,,,
"KITBSRDA","Tolix Bar Stool - Xavier Pauchard Reproduction - 65cm - Red",,,,,,,,
"KITBSYLA","Tolix Bar Stool - Xavier Pauchard Reproduction - 65cm - Yellow",,,,,,,,
"JICOMBKP","Como Kitchen Bar Stool - Black",,,,,,,,
"YSBAOWHP","Barcelona Ottoman White - Classic Version - Replica",,,,,,,,
"YSELCXCP","Lounge Chair and Ottoman - Eames Reproduction Off-White - Anniversary Edition - Classic",,,,,,,,
"HDRD7BKW","Torquay 7pc Outdoor Wicker Dining Set - Black",,,,,,,,
"HDRB5BKW","Sunset 5pc Outdoor Bar Set - Patio Furniture - Black",,,,,,,,
"HDW4PBKW","Sorrento Patio 4pc Set - Outdoor Rattan Wicker - Black",,,,,,,,
"HD5DCBKW","Portofino 5pc Round Dining Set - Garden Furniture - Black",,,,,,,,
"HDT6PBKW","Garden Outdoor Wicker Grande Tower 6pc Set - Black",,,,,,,,
"YSEMOVBK","Office Side Chair  Eames Reproduction  Black",,,,,,,,
"MAE-YE001","Melamine Dinnerware - Dinner Set - Well Fed Kitty Cat",,,,,,,,
"MAE-YE002","Melamine Dinnerware - Dinner Set - Eat Like a Bird",,,,,,,,
"MAE-YE003","Melamine Dinnerware - Dinner Set - Dinosaur Dinner",,,,,,,,
"ADMADFLP","Set of 4 - Mademoiselle Chair Replica - Floral",,,,,,,,
"YSEMOFBK","Aluminium Visitor Leather Office Chair  Eames Reproduction  Black  no arms",,,,,,,,
"HUCOCBKP","Coconut Chair - Black  Replica",,,,,,,,
"MSUSNCBA","US Navy Aluminium Chair",,,,,,,,
"ADOMTEWH","Office Meeting Table - Eames Reproduction - White",,,,,,,,
"ADOMTEBK","Office Meeting Table - Eames Reproduction - Black",,,,,,,,
"HUTUT09F","Tulip Dining Table - Eero Saarinen Replica - 90cm - Fiberglass",,,,,,,,
"HUTUT12F","Tulip Dining Table - Eero Saarinen Replica - 120cm - Fiberglass",,,,,,,,
"HUTUT09M","Tulip Dining Table - Eero Saarinen Replica - 90cm - Marble",,,,,,,,
"HUTUT12M","Tulip Dining Table - Eero Saarinen Replica - 120cm - Marble",,,,,,,,
"HUGNB15W","George Nelson Replica Platform Bench - Medium",,,,,,,,
"HUGNB18W","George Nelson Replica Platform Bench - Large",,,,,,,,
"HUWBCGRC","Womb Chair and Ottoman - Grey Cashmere - Replica",,,,,,,,
"HUWBCRDC","Womb Chair and Ottoman - Red Cashmere - Replica",,,,,,,,
"MSUSNBBA","US Navy Aluminium Barstool",,,,,,,,
"ADGST6CP","Set of 2 - Ghost Stool Replica  66cm  Clear",,,,,,,,
"ADGST7CP","Set of 2 - Ghost Stool Replica  76cm  Clear",,,,,,,,
"N600","Natural Cowhide Rug - Black & White",,,,,,,,
"N500","Natural Cowhide Rug - Tri Coloured",,,,,,,,
"N1300","Natural Cowhide Rug - Brown",,,,,,,,
"P023","Animal Printed Cowhide Rug - Tiger",,,,,,,,
"P019","Animal Printed Cowhide Rug - Snow Tiger",,,,,,,,
"P018","Animal Printed Cowhide Rug - Zebra Print",,,,,,,,
"PR04","Patchwork Rug - Natural Grey Rembrandt",,,,,,,,
"PR06","Patchwork Rug - Brown & White Rembrandt",,,,,,,,
"PR07","Patchwork Rug - Black & White Rembrandt",,,,,,,,
"HBFLOCK","Flock Wall Clock",,,,,,,,
"HBFLOCKXL","Flock Wall Clock - Extra Large",,,,,,,,
"HBSTAG","Stag Wall Clock",,,,,,,,
"HBSTAGXL","Stag Wall Clock - Extra Large",,,,,,,,
"HBHORSE","Horse Wall Clock",,,,,,,,
"HBCOG","Cog Wall Clock",,,,,,,,
"CON050270211","Concept Rug - Red Wave - 120x170cm",,,,,,,,
"CON070270211","Concept Rug - Red Wave - 160x230cm",,,,,,,,
"CON080270211","Concept Rug - Red Wave - 200x290cm",,,,,,,,
"CON050270266","Concept Rug - Beige Wave - 120x170cm",,,,,,,,
"CON080270266","Concept Rug - Beige Wave - 200x290cm",,,,,,,,
"CON050270288","Concept Rug - Brown Wave - 120x170cm",,,,,,,,
"CON070270288","Concept Rug - Brown Wave - 160x230cm",,,,,,,,
"CON080270288","Concept Rug - Brown Wave - 200x290cm",,,,,,,,
"CON0702703111","Concept Rug - Red Maze - 160x230cm",,,,,,,,
"CON0802703111","Concept Rug - Red Maze - 200x290cm",,,,,,,,
"CON0702703818","Concept Rug - Brown Maze - 160x230cm",,,,,,,,
"CON0802703818","Concept Rug - Brown Maze - 200x290cm",,,,,,,,
"CON0502706111","Concept Rug - Red Ripple - 120x170cm",,,,,,,,
"CON0702706111","Concept Rug - Red Ripple - 160x230cm",,,,,,,,
"CON0802706111","Concept Rug - Red Ripple - 200x290cm",,,,,,,,
"CON0502706166","Concept Rug - Cream Ripple - 120x170cm",,,,,,,,
"CON0702706166","Concept Rug - Cream Ripple - 160x230cm",,,,,,,,
"CON0802706166","Concept Rug - Cream Ripple - 200x290cm",,,,,,,,
"CON0502706188","Concept Rug - Brown Ripple - 120x170cm",,,,,,,,
"CON0702706188","Concept Rug - Brown Ripple - 160x230cm",,,,,,,,
"CON0802706188","Concept Rug - Brown Ripple - 200x290cm",,,,,,,,
"CON050271110","Concept Rug - Red Stripe - 120x170cm",,,,,,,,
"CON070271110","Concept Rug - Red Stripe - 160x270cm",,,,,,,,
"CON080271110","Concept Rug - Red Stripe - 200x290cm",,,,,,,,
"CON050271160","Concept Rug - Cream Stripe - 120x170cm",,,,,,,,
"CON070271160","Concept Rug - Cream Stripe - 160x230cm",,,,,,,,
"CON080271160","Concept Rug - Cream Stripe - 200x290cm",,,,,,,,
"CON050271180","Concept Rug - Brown Stripe - 120x170cm",,,,,,,,
"CON070271180","Concept Rug - Brown Stripe - 160x230cm",,,,,,,,
"CON080271180","Concept Rug - Brown Stripe - 200x290cm",,,,,,,,
"CON050277510","Concept Rug - Red Swirl - 120x170cm",,,,,,,,
"CON070277510","Concept Rug - Red Swirl - 160x230cm",,,,,,,,
"CON080277510","Concept Rug - Red Swirl - 200x290cm",,,,,,,,
"CON050277560","Concept Rug - Beige Swirl - 120x170cm",,,,,,,,
"CON070277560","Concept Rug - Beige Swirl - 160x230cm",,,,,,,,
"CON080277560","Concept Rug - Beige Swirl - 200x290cm",,,,,,,,
"CON050277580","Concept Rug - Brown Swirl - 120x170cm",,,,,,,,
"CON070277580","Concept Rug - Brown Swirl - 160x230cm",,,,,,,,
"CON080277580","Concept Rug - Brown Swirl - 200x290cm",,,,,,,,
"CON050277610","Concept Rug - Red Striped Border - 120x170cm",,,,,,,,
"CON070277610","Concept Rug - Red Striped Border - 160x230cm",,,,,,,,
"CON080277610","Concept Rug - Red Striped Border - 200x290cm",,,,,,,,
"CON050277660","Concept Rug - Cream Striped Border - 120x170cm",,,,,,,,
"CON070277660","Concept Rug - Cream Striped Border - 160x230cm",,,,,,,,
"CON080277660","Concept Rug - Cream Striped Border - 200x290cm",,,,,,,,
"CON050277680","Concept Rug - Brown Striped Border - 120x170cm",,,,,,,,
"CON070277680","Concept Rug - Brown Striped Border - 160x230cm",,,,,,,,
"HIG0705702156","Highland Shag Rug - Grey Wave - 160x230cm",,,,,,,,
"HIG07057022391","Highland Shag Rug - Grey Squares - 160x230cm",,,,,,,,
"HIG0705702268","Highland Shag Rug - Light Grey Squares - 160x230cm",,,,,,,,
"HIG0705700211","Highland Shag Rug - Red Stripe - 160x230cm",,,,,,,,
"HIG0805700211","Highland Shag Rug - Red Stripe - 200x290cm",,,,,,,,
"HIG0705700231","Highland Shag Rug - Dark Brown Stripe - 160x230cm",,,,,,,,
"HIG0805700231","Highland Shag Rug - Dark Brown Stripe - 200x290cm",,,,,,,,
"HIG0705700261","Highland Shag Rug - Beige Stripe - 160x230cm",,,,,,,,
"HIG0805700261","Highland Shag Rug - Beige Stripe - 200x290cm",,,,,,,,
"HIG07057002991","Highland Shag Rug - Light Brown Stripe - 160x230cm",,,,,,,,
"HIG08057002991","Highland Shag Rug - Light Brown Stripe - 200x290cm",,,,,,,,
"YSFKOBKL","Florence Knoll Replica Ottoman - Black",,,,,,,,
"YSFKOWHL","Florence Knoll Replica Ottoman - White",,,,,,,,
"QD800B","Tea Box - Wooden - Black",,,,,,,,
"QD800W","Tea Box - Wooden - White",,,,,,,,
"QD800","Tea Box - Wooden - Brown",,,,,,,,
"QD909","Watch Box - Wooden - Brown",,,,,,,,
"QD909B","Watch Box - Wooden - Black",,,,,,,,
"QD909W","Watch Box - Wooden - White",,,,,,,,
"134046","Pewter Photo Frame - Metal Trim - 10 x 15cm",,,,,,,,
"134057","Pewter Photo Frame - Metal Trim - 13 x 18cm",,,,,,,,
"134080","Pewter Photo Frame - Metal Trim - 20 x 25cm",,,,,,,,
"134046B","Black Photo Frame - Metal Trim - 10 x 15cm",,,,,,,,
"134057B","Black Photo Frame - Metal Trim - 13 x 18cm",,,,,,,,
"134080B","Black Photo Frame - Metal Trim - 20 x 25cm",,,,,,,,
"438646B","Metal Edge Photo Frame - Black Glass - 10 x 15cm",,,,,,,,
"438657B","Metal Edge Photo Frame - Black Glass - 13 x 18cm",,,,,,,,
"438680B","Metal Edge Photo Frame - Black Glass - 20 x 25cm",,,,,,,,
"GM87746","Black Glass Photo Frame - Silver Edge - 10 x 15cm",,,,,,,,
"GM87757","Black Glass Photo Frame - Silver Edge - 13 x 18cm",,,,,,,,
"GM87780","Black Glass Photo Frame - Silver Edge - 20 x 25cm",,,,,,,,
"CK546","Dallas Shadow Box Photo Frame - Black Matte - 10 x 15cm",,,,,,,,
"CK557","Dallas Shadow Box Photo Frame - Black Matte - 13 x 18cm",,,,,,,,
"CK746","Phoenix Black and White Photo Frame - 10 x 15cm",,,,,,,,
"CK757","Phoenix Black and White Photo Frame - 13 x 18cm",,,,,,,,
"CK780","Phoenix Black and White Photo Frame - 20 x 25cm",,,,,,,,
"CK846","Washington Metal Photo Frame - Cream Matte - 10 x 15cm",,,,,,,,
"CK857","Washington Metal Photo Frame - Cream Matte - 13 x 18cm",,,,,,,,
"CK9346","Silver Metal Photo Frame - 10 x 15cm",,,,,,,,
"CK9357","Silver Metal Photo Frame - 13 x 18cm",,,,,,,,
"CK9380","Silver Metal Photo Frame - 20 x 25cm",,,,,,,,
"CK9346DB","Double Silver Metal Photo Frame - 10 x 15cm",,,,,,,,
"CK9357DB","Double Silver Metal Photo Frame - 13 x 18cm",,,,,,,,
"CK9446","Pewter Tone Aluminium Photo Frame - 10 x 15cm",,,,,,,,
"CK9457","Pewter Tone Aluminium Photo Frame - 13 x 18cm",,,,,,,,
"CK9480","Pewter Tone Aluminium Photo Frame - 20 x 25cm",,,,,,,,
"CK9474","Pewter Tone Aluminium Photo Frame - 4 Photo - Opening",,,,,,,,
"CK9646","White Aluminium Photo Frame - Black Trim - 10 x 15cm",,,,,,,,
"CK9657","White Aluminium Photo Frame - Black Trim - 13 x 18cm",,,,,,,,
"CK9680","White Aluminium Photo Frame - Black Trim - 20 x 25cm",,,,,,,,
"CK9746","Black Aluminium Photo Frame - White Trim - 10 x 15cm",,,,,,,,
"CK9757","Black Aluminium Photo Frame - White Trim - 13 x 18cm",,,,,,,,
"CK9780","Black Aluminium Photo Frame - White Trim - 20 x 25cm",,,,,,,,
"KW246B","Classic Shiny Metal Photo Frame - Black - 10 x 15cm",,,,,,,,
"KW257B","Classic Shiny Metal Photo Frame - Black - 13 x 18cm",,,,,,,,
"KW280B","Classic Shiny Metal Photo Frame - Black - 20 x 25cm",,,,,,,,
"KW246W","Classic Shiny Metal Photo Frame - White - 10 x 15cm",,,,,,,,
"KW257W","Classic Shiny Metal Photo Frame - White - 13 x 18cm",,,,,,,,
"KW280W","Classic Shiny Metal Photo Frame - White - 20 x 25cm",,,,,,,,
"KW346B","Contemporary High Gloss Metal Photo Frame - Black - 10 x 15cm",,,,,,,,
"KW357B","Contemporary High Gloss Metal Photo Frame - Black - 13 x 18cm",,,,,,,,
"KW380B","Contemporary High Gloss Metal Photo Frame - Black - 20 x 25cm",,,,,,,,
"KW346W","Contemporary High Gloss Metal Photo Frame - White - 10 x 15cm",,,,,,,,
"KW357W","Contemporary High Gloss Metal Photo Frame - White - 13 x 18cm",,,,,,,,
"KW380W","Contemporary High Gloss Metal Photo Frame - White - 20 x 25cm",,,,,,,,
"KW446","Striking Shiny Silver Metal Photo Frame - 10 x 15cm",,,,,,,,
"KW457","Striking Shiny Silver Metal Photo Frame - 13 x 18cm",,,,,,,,
"KW480","Striking Shiny Silver Metal Photo Frame - 20 x 25cm",,,,,,,,
"KW646B","Shiny Silver Metal Photo Frame - Black Inlay - 10 x 15cm",,,,,,,,
"KW657B","Shiny Silver Metal Photo Frame - Black Inlay - 13 x 18cm",,,,,,,,
"KW680B","Shiny Silver Metal Photo Frame - Black Inlay - 20 x 25cm",,,,,,,,
"KW646W","Shiny Silver Metal Photo Frame - White Inlay - 10 x 15cm",,,,,,,,
"KW657W","Shiny Silver Metal Photo Frame - White Inlay - 13 x 18cm",,,,,,,,
"KW680W","Shiny Silver Metal Photo Frame - White Inlay - 20 x 25cm",,,,,,,,
"T237464","Revolving Photo Frame - Metal - Silver",,,,,,,,
"T237464B","Revolving Photo Frame - Metal - Black",,,,,,,,
"KW746B","Silver Metal Photo Frame - Black Wood - 10 x 15cm",,,,,,,,
"KW757B","Silver Metal Photo Frame - Black Wood - 18 x 13cm",,,,,,,,
"KW746W","Silver Metal Photo Frame - White Wood - 10 x 15cm",,,,,,,,
"KW757W","Silver Metal Photo Frame - White Wood - 18 x 13cm",,,,,,,,
"AH375","Acrylic Photo Block - 10 x 15cm",,,,,,,,
"AH368","Acrylic Photo Block - 13 x 18cm",,,,,,,,
"AH380","Acrylic Photo Block - 15 x 20cm",,,,,,,,
"JT20074","8 Photo Carousel Wheel Photo Frame","JT20074-1.jpg","JT20074-1.jpg","JT20074-1.jpg","JT20074-1.jpg","JT20074-1.jpg",,,
"JT20113","8 Photo Roundabout Photo Frame",,,,,,,,
"TK300","10 Photo Wooden Collage Photo Frame - Black",,,,,,,,
"TK301","10 Photo Wooden Collage Photo Frame - White",,,,,,,,
"TK302","9 Photo Wooden Collage Photo Frame - Black",,,,,,,,
"TK303","9 Photo Wooden Collage Photo Frame - White",,,,,,,,
"TK400","6 Photo Wooden Collage Photo Frame - Grandkids",,,,,,,,
"TK401","9 Photo Wooden Collage Photo Frame - Family",,,,,,,,
"TK402","3 Photo Wooden Collage Photo Frame - Live Laugh Love",,,,,,,,
"TK403","3 Photo Wooden Collage Photo Frame - Live Laugh Love - Vertical",,,,,,,,
"QSC1005W","Collage Photo Frame - 5 in 1 - Wooden - White",,,,,,,,
"32514Q","Collage Photo Frame - 4 in 1 - Metal - Silver",,,,,,,,
"32514B","Collage Photo Frame - 4 in 1 - Metal - Black",,,,,,,,
"32516Q","Collage Photo Frame - 6 in 1 - Metal - Silver",,,,,,,,
"32516B","Collage Photo Frame - 6 in 1 - Metal - Black",,,,,,,,
"32519Q","Collage Photo Frame - 9 in 1 - Metal - Silver",,,,,,,,
"32519B","Collage Photo Frame - 9 in 1 - Metal - Black",,,,,,,,
"SAP301B","Wall Shelves - Set of 3 - Black",,,,,,,,
"SAP301W","Wall Shelves - Set of 3 - White",,,,,,,,
"IS001-60","Hand Painted Oil Painting - A Glass of Wine - 60x60cm",,,,,,,,
"IS001-90","Hand Painted Oil Painting - A Glass of Wine - 90x90cm",,,,,,,,
"IS002-60","Hand Painted Oil Painting - Crying Woman - 60x60cm",,,,,,,,
"IS002-90","Hand Painted Oil Painting - Crying Woman - 90x90cm",,,,,,,,
"IS003-60","Hand Painted Oil Painting - Floral Patterns - 60x60cm",,,,,,,,
"IS003-90","Hand Painted Oil Painting - Floral Patterns - 90x90cm",,,,,,,,
"IS004-60","Hand Painted Oil Painting - Storm Tree - 60x60cm",,,,,,,,
"IS004-90","Hand Painted Oil Painting - Storm Tree - 90x90cm",,,,,,,,
"IS005-60","Hand Painted Oil Painting - Japanese Wonder - 60x60cm",,,,,,,,
"IS005-90","Hand Painted Oil Painting - Japanese Wonder - 90x90cm",,,,,,,,
"IS006-60","Hand Painted Oil Painting - Spring Village - 60x60cm",,,,,,,,
"IS006-90","Hand Painted Oil Painting - Spring Village - 90x90cm",,,,,,,,
"IS007-60","Hand Painted Oil Painting - Abstract Dogs - 60x60cm",,,,,,,,
"IS007-90","Hand Painted Oil Painting - Abstract Dogs  - 90x90cm",,,,,,,,
"IS008-60","Hand Painted Oil Painting - Abstract Flower - 60x60cm",,,,,,,,
"IS008-90","Hand Painted Oil Painting - Abstract Flower  - 90x90cm",,,,,,,,
"IS009-60","Hand Painted Oil Painting - Spring Flower - 60x60cm",,,,,,,,
"IS009-90","Hand Painted Oil Painting - Spring Flower  - 90x90cm",,,,,,,,
"IS-VG008-60","Hand Painted Oil Painting - The Starry Night - Reproduction - 60x50cm",,,,,,,,
"IS-VG008-90","Hand Painted Oil Painting - The Starry Night - Reproduction - 60x90cm",,,,,,,,
"IS-VG002-60","Hand Painted Oil Painting - Café Terrace at Night - Reproduction - 60x50cm",,,,,,,,
"IS-VG002-90","Hand Painted Oil Painting - Café Terrace at Night - Reproduction - 60x90cm",,,,,,,,
"IS-VG023-60","Hand Painted Oil Painting - Still Life with Basket of Apples - Reproduction - 60x50cm",,,,,,,,
"IS-VG023-90","Hand Painted Oil Painting - Still Life with Basket of Apples - Reproduction - 60x90cm",,,,,,,,
"IS-JV001-60","Hand Painted Oil Painting - Girl with a Pearl Earring - Reproduction - 50x60cm",,,,,,,,
"IS-JV001-90","Hand Painted Oil Painting - Girl with a Pearl Earring - Reproduction - 60x90cm",,,,,,,,
"IS-GK006-60","Hand Painted Oil Painting - The Kiss - Reproduction - 50x60cm",,,,,,,,
"IS-GK006-90","Hand Painted Oil Painting - The Kiss - Reproduction - 60x90cm",,,,,,,,
"UR11-020","Canvas Prints - Melbourne Skyline - 40 x 55cm",,,,,,,,
"UR11-019","Canvas Prints - Sydney Bridge - 40 x 55cm",,,,,,,,
"UR11-023","Canvas Prints - Black Moby - 76 x 101cm",,,,,,,,
"UR11-017","Canvas Prints - Asian Floral - 76 x 101cm",,,,,,,,
"UR11-018","Canvas Prints - Mantel Flowers - 76 x 101cm",,,,,,,,
"UR11-021","Canvas Prints - Dreamy wildness - 76 x 101cm",,,,,,,,
"UR11-022","Canvas Prints - Ahoy - 76 x 101cm",,,,,,,,
"UR11-025b","Canvas Prints - Candy - 76 x 101cm",,,,,,,,
"UR11-012","Canvas Prints - Blue Tulip - 76 x 101cm",,,,,,,,
"UR11-013","Canvas Prints - Mexican Otomi - 76 x 101cm",,,,,,,,
"UR11-014a","Canvas Prints - The Truth will set you free - 76 x 101cm",,,,,,,,
"UR11-014b","Canvas Prints - The Truth will set you free - Indigo - 76 x 101cm",,,,,,,,
"UR11-015","Canvas Prints - Indigo Deer - 76 x 101cm",,,,,,,,
"UR11-016","Canvas Prints - Union Jack - 76 x 101cm",,,,,,,,
"UR11-008","Canvas Prints - Chinoiserie Room - 76 x 101cm",,,,,,,,
"UR11-009","Canvas Prints - Dancing Anna - 76 x 101cm",,,,,,,,
"28029","Wall Art Decal - Butterflies and Cherry Blossom - Peel & Stock",,,,,,,,
"JM8168","Wall Art Decal - Birds on a Tree - Peel & Stick",,,,,,,,
"5-570074","Wall Art Decal - Hot Air Balloons - Peel & Stick",,,,,,,,
"JM8142","Wall Art Decal - Butterflies - Peel & Stick",,,,,,,,
"3-695","Wall Art Decal - 3 Large Dandelions - Peel & Stick",,,,,,,,
"HMHR01","Wall Art Decal - House Rule - Peel & Stick",,,,,,,,
"3-935","Wall Art Decal - I Love Paris - Peel & Stick",,,,,,,,
"JM7026","Wall Art Decal - Birds and Tree - Peel & Stick",,,,,,,,
"17032","Wall Art Decal - Butterfly and Flowers - Peel & Stick",,,,,,,,
"3-937","Wall Art Decal - Dandelions in the Wind - Peel & Stick",,,,,,,,
"M2605","Wall Art Decal - Soak Your Troubles Away - Vinyl Cut",,,,,,,,
"2-1003","Wall Art Decal - Sydney Darling Harbour - Peel & Stick",,,,,,,,
"hr02","Wall Art Decal - Be Inspired - Vinyl Cut",,,,,,,,
"SCF01","Wall Art Decal - Large Flowers and Butterflies - Vinyl Cut",,,,,,,,
"3-698AB","Wall Art Decal - Green Tree & Birds - Peel & Stick",,,,,,,,
"D01black","Wall Art Decal - Living Inspiration Wall Quote - Vinyl Cut",,,,,,,,
"HR01","Wall Art Decal - House Rule - Vinyl Cut",,,,,,,,
"31-2029","Wall Art Decal - Happy Tree - Vinyl Cut",,,,,,,,
"M2149brown","Wall Art Decal - Mega Fairy Tree with Birds - Brown - Vinyl Cut",,,,,,,,
"M2149white","Wall Art Decal - Mega Fairy Tree with Birds - White - Vinyl Cut",,,,,,,,
"PSC001","Cushion Cover - Palm Spring Oasis Collection - Chevron - Lemon & Cocoa",,,,,,,,
"PSC002","Cushion Cover - Palm Spring Oasis Collection - Chevron - Lemon & Watermelon",,,,,,,,
"PSC003","Cushion Cover - Palm Spring Oasis Collection - Chevron - Watermelon & Blue Chilli",,,,,,,,
"PSC004","Cushion Cover - Palm Spring Oasis Collection - Chevron - Blue Chilli & Pomegranate",,,,,,,,
"PSC005","Cushion Cover - Palm Spring Oasis Collection - Chevron - Pomegranate & Apple",,,,,,,,
"PSC006","Cushion Cover - Palm Spring Oasis Collection - Chevron - Apple & Cocoa",,,,,,,,
"PSHS001","Cushion Cover - Palm Spring Oasis Collection - Hot Springs - Desert",,,,,,,,
"PSHS002","Cushion Cover - Palm Spring Oasis Collection - Hot Springs - Cornum",,,,,,,,
"PSHS003","Cushion Cover - Palm Spring Oasis Collection - Hot Springs - Atoll",,,,,,,,
"PSHS004","Cushion Cover - Palm Spring Oasis Collection - Hot Springs - Sand",,,,,,,,
"PSHS005","Cushion Cover - Palm Spring Oasis Collection - Hot Springs - Mineral",,,,,,,,
"PSHS006","Cushion Cover - Palm Spring Oasis Collection - Hot Springs - Sunshine",,,,,,,,
"PSBB001","Cushion Cover - Palm Spring Oasis Collection - Breezeblock - Viridian",,,,,,,,
"PSBB002","Cushion Cover - Palm Spring Oasis Collection - Breezeblock - Tradewinds",,,,,,,,
"PSBB003","Cushion Cover - Palm Spring Oasis Collection - Breezeblock - Cinnabar",,,,,,,,
"PSBB004","Cushion Cover - Palm Spring Oasis Collection - Breezeblock - Sunshade",,,,,,,,
"NHO001","Cushion Cover - Natural Harvest Collection - Ombre - Wattle",,,,,,,,
"NHO002","Cushion Cover - Natural Harvest Collection - Ombre - Terra",,,,,,,,
"NHO003","Cushion Cover - Natural Harvest Collection - Ombre - Olive",,,,,,,,
"NHB001","Cushion Cover - Natural Harvest Collection - Ombre - Bleu De Lectoure - Light Indigo Half Gradient",,,,,,,,
"NHB002","Cushion Cover - Natural Harvest Collection - Ombre - Bleu De Lectoure - Light Indigo Full Gradient",,,,,,,,
"NHB003","Cushion Cover - Natural Harvest Collection - Ombre - Bleu De Lectoure - Dark Indigo Half Gradient",,,,,,,,
"NHB004","Cushion Cover - Natural Harvest Collection - Ombre - Bleu De Lectoure - Dark Indigo Full Gradient",,,,,,,,
"ELM003","Cushion Cover - Winter Luxe - Fish Skin Leather - White",,,,,,,,
"INF001","Cushion Feather Insert - 20cm x 40cm",,,,,,,,
"INF002","Cushion Feather Insert - 30cm x 50cm",,,,,,,,
"INF003","Cushion Feather Insert - 30cm x 60cm",,,,,,,,
"INF004","Cushion Feather Insert - 45cm x 45cm",,,,,,,,
"MSTDCBKA","Tolix Chair - Xavier Pauchard Reproduction - Black",,,,,,,,
"MSTDCBLA","Tolix Chair - Xavier Pauchard Reproduction - Blue",,,,,,,,
"MSTDCRDA","Tolix Chair - Xavier Pauchard Reproduction - Red",,,,,,,,
"MSTDCWHA","Tolix Chair - Xavier Pauchard Reproduction - White",,,,,,,,
